,date,weighted_mean_sentiment,unweighted_mean_sentiment,ups
0,2019-07-26,-0.128,-0.128,100721
1,2019-07-27,-0.128,-0.128,13473
2,2023-06-09,0.717527004454343,0.8498285714285714,3592
3,2023-09-06,0.9994000000000001,0.9994,2875
4,2024-01-03,-0.2618666666666667,-0.18241666666666667,6
5,2024-01-28,0.4745051282051282,0.54194,117
6,2024-01-29,0.8337514018691589,0.7509,107
7,2024-01-30,0.5008348258706468,0.44835714285714284,201
8,2024-01-31,0.47036816666666664,0.3388058823529412,600
9,2024-02-01,-0.013036666666666667,0.091576,1170
10,2024-02-02,0.16250662701784194,0.22180128205128205,1177
11,2024-02-03,-0.26045304998898916,0.1871162162162162,4541
12,2024-02-04,0.3773277879064114,0.3124698412698413,6582
13,2024-02-05,0.07148169707683566,0.24416401515151515,15839
14,2024-02-06,-0.0650922433737874,0.2812130102040816,24637
15,2024-02-07,0.1244531631614654,0.3093815384615385,23584
16,2024-02-08,0.19607222713429612,0.17056160714285715,10179
17,2024-02-09,0.12210902750568138,0.3271060185185185,12761
18,2024-02-10,0.2844752553422673,0.2607539419087137,13805
19,2024-02-11,-0.03399712164823512,0.2513991701244813,6601
20,2024-02-12,0.28826604288499025,0.3990527638190955,15390
21,2024-02-13,0.3763817949808592,0.3684896226415094,7053
22,2024-02-14,0.2665411807646683,0.43137403508771927,21918
23,2024-02-15,0.22463030303030304,0.32364337748344374,16335
24,2024-02-16,0.008248730263884296,0.275929490616622,18114
25,2024-02-17,0.2860499416255052,0.2962471365638767,11135
26,2024-02-18,0.16266564658251964,0.30155,8398
27,2024-02-19,0.07951709113705824,0.4274076335877863,12761
28,2024-02-20,0.14869855226929568,0.334871661237785,11259
29,2024-02-21,0.35140655344792165,0.39355534759358285,14603
30,2024-02-22,-0.0296895535293193,0.3366220588235294,12722
31,2024-02-23,0.14462364582512025,0.40470165562913907,12683
32,2024-02-24,0.04909006137217184,0.18956806722689076,10917
33,2024-02-25,0.3250367717003567,0.30340054054054055,10092
34,2024-02-26,0.10046737588652481,0.28426324503311257,13254
35,2024-02-27,0.1693982651222651,0.29254505494505495,19425
36,2024-02-28,0.1569269930907613,0.16337842323651453,46749
37,2024-02-29,-0.06438210429712805,0.22991304347826086,37048
38,2024-03-01,0.05424304846616465,0.12148701923076924,19787
39,2024-03-02,0.1615640948081264,0.36172483660130716,22150
40,2024-03-03,-0.03444103046901745,0.3813165517241379,5842
41,2024-03-04,0.24761395406212225,0.2881501718213058,40533
42,2024-03-05,0.11224065169414514,0.2796670241286863,38515
43,2024-03-06,0.33211128533379153,0.38464548494983275,23278
44,2024-03-07,0.26708367692577234,0.1914719298245614,17123
45,2024-03-08,0.07653118342545481,0.2989581683168317,54638
46,2024-03-09,0.15114732232736058,0.26474749262536873,19868
47,2024-03-10,0.2461361812297735,0.1172426724137931,9270
48,2024-03-11,0.5006702020202021,0.4089060344827586,3564
49,2024-03-12,0.30628292939936774,0.3326531818181818,2847
50,2024-03-13,0.09414912228305956,0.30487326203208553,30135
51,2024-03-14,0.14926417704011066,0.28701207349081365,22413
52,2024-03-15,0.05192824522894945,0.23822262996941898,32802
53,2024-03-16,0.4494355978875895,0.466201832460733,26510
54,2024-03-17,-0.011361039321169096,0.16663125,18031
55,2024-03-18,0.17412271100334836,0.21376479591836733,25983
56,2024-03-19,0.11054363583138173,0.3401136518771331,17080
57,2024-03-20,0.04048338393953098,0.2721050505050505,15479
58,2024-03-21,0.06663372004335434,0.1714235294117647,24911
59,2024-03-22,0.12264261532959828,0.16024364261168383,16778
60,2024-03-23,0.10975850267947154,0.32713434343434344,18847
61,2024-03-24,0.25911478622652867,0.354696958174905,18267
62,2024-03-25,0.21750223809256033,0.30319009287925697,17783
63,2024-03-26,0.09024659222497934,0.3013115511551155,12090
64,2024-03-27,0.22097672497795925,0.20583994778067888,21551
65,2024-03-28,0.08371779655422801,0.3134105691056911,15149
66,2024-03-29,0.05518533287944369,0.22764884615384615,20563
67,2024-03-30,0.09808654949622733,0.2361065625,22133
68,2024-03-31,0.12216623400936037,0.34694838709677417,16025
69,2024-04-01,0.5465252980548003,0.3258910344827586,9562
70,2024-04-02,-0.0043219352908918695,0.2487788679245283,20059
71,2024-04-03,0.05783872475247526,0.35000906249999997,12625
72,2024-04-04,0.11191631718758831,0.3409581314878893,17693
73,2024-04-05,0.17716052808988766,0.25429315068493147,8900
74,2024-04-06,0.1699199605343048,0.06747945945945945,6588
75,2024-04-07,0.28535805862001434,0.29941280991735536,15319
76,2024-04-08,0.20521305977921267,0.2363387755102041,9602
77,2024-04-09,0.4772602381758664,0.26409628571428573,17718
78,2024-04-10,-0.1156176434953809,0.1815038575667656,13206
79,2024-04-11,0.3422457476548425,0.22352452229299363,16097
80,2024-04-12,0.2946650593255012,0.3414108262108262,17109
81,2024-04-13,0.026037054870628074,0.27055381944444445,18899
82,2024-04-14,-0.34946008748674445,0.2612684397163121,15088
83,2024-04-15,-0.013108024412296575,0.30272232704402513,22120
84,2024-04-16,0.3520961862177801,0.32251588785046725,11406
85,2024-04-17,-0.045674513911268665,0.31905785123966945,18618
86,2024-04-18,0.26679354807031325,0.38288823529411764,10183
87,2024-04-19,0.24086609714053941,0.35784674329501914,19724
88,2024-04-20,0.18484907588413008,0.30305939597315434,22508
89,2024-04-21,0.09936152517603296,0.30685214285714285,7527
90,2024-04-22,0.2714625966494845,0.31751538461538464,9312
91,2024-04-23,0.14595102848914943,0.29121989528795816,19446
92,2024-04-24,0.12143896230436636,0.3782242666666667,16421
93,2024-04-25,0.11503938118938889,0.2630814393939394,19489
94,2024-04-26,0.23161917098445597,0.3318855072463768,17177
95,2024-04-27,0.42586669889194617,0.3541494382022472,13447
96,2024-04-28,-0.08112786599357502,0.24265031055900624,10895
97,2024-04-29,0.3944644716847331,0.25145258426966294,9871
98,2024-04-30,0.15275932184168745,0.26480210970464135,8818
99,2024-05-01,0.05956897596961508,0.3241488,27382
100,2024-05-02,0.28173270877944323,0.26587866666666665,9340
101,2024-05-03,0.340636997197182,0.42199585987261146,13201
102,2024-05-04,0.19144392154095816,0.3453872274143302,14173
103,2024-05-05,-0.034263764432503084,0.432259649122807,13771
104,2024-05-06,0.2760589374875175,0.19968333333333332,10014
105,2024-05-07,0.16627951137674318,0.39996811594202897,9537
106,2024-05-08,-0.02923663492063492,0.34706846473029046,3150
107,2024-05-09,0.32620284916201114,0.4260216,3580
108,2024-05-10,0.05659246498148446,0.1461676595744681,6211
109,2024-05-11,0.20827739882921864,0.32372217194570135,7858
110,2024-05-12,0.5001294672221005,0.35740684931506844,4561
111,2024-05-13,0.4704421236001659,0.36277573529411766,12055
112,2024-05-14,0.07142896341463414,0.26279468438538206,10824
113,2024-05-15,0.17337739429781973,0.26432620689655173,11329
114,2024-05-16,-0.07424356758519485,0.23690936454849496,36798
115,2024-05-17,0.2925098569671866,0.18487126099706744,15451
116,2024-05-18,-0.007058051115325575,0.24852222222222223,11073
117,2024-05-19,0.16024779989241525,0.3566967741935484,9295
118,2024-05-20,0.03120811552691252,0.33726,8379
119,2024-05-21,0.2604220709349005,0.30887640186915893,24163
120,2024-05-22,0.3986841920374707,0.2801221945137157,11102
121,2024-05-23,0.1394920224964508,0.3554231770833333,18314
122,2024-05-24,0.02283437137754942,0.2836535564853556,31919
123,2024-05-25,0.3253976081698468,0.19637434554973823,3721
124,2024-05-26,0.40422424242424243,0.442168085106383,7260
125,2024-05-27,0.06936136709631585,0.2610111510791367,19706
126,2024-05-28,0.3952152029826015,0.47346162464985997,19312
127,2024-05-29,0.17583042137718397,0.34543291139240506,5838
128,2024-05-30,0.14905585475021657,0.22936290801186943,13852
129,2024-05-31,0.2360740673750848,0.36534477124183007,13269
130,2024-06-01,0.1827665522174535,0.143588085106383,10485
131,2024-06-02,0.18240747133230878,0.325546,8459
132,2024-06-03,0.3038948547624409,0.313327027027027,8882
133,2024-06-04,0.11677686254600837,0.3462206976744186,15758
134,2024-06-05,0.0940357433808554,0.2322128289473684,11784
135,2024-06-06,0.5005418768250598,0.43060232558139533,7534
136,2024-06-07,0.13411294683938557,0.28735731707317075,14127
137,2024-06-08,0.0991375957231614,0.28414661654135337,6921
138,2024-06-09,0.10492758669698692,0.3307230158730159,7036
139,2024-06-10,0.2851385508047248,0.4175981203007519,14477
140,2024-06-11,0.13106769206499447,0.3433329710144928,6339
141,2024-06-12,0.16198851820961913,0.3759627551020408,7194
142,2024-06-13,0.1838290685066535,0.34648643410852714,10145
143,2024-06-14,0.10796080931820465,0.326363973063973,9959
144,2024-06-15,0.22867573902027027,0.351149815498155,4736
145,2024-06-16,0.08821528161839616,0.23696823529411765,6871
146,2024-06-17,0.1858749949869661,0.21527827586206896,4987
147,2024-06-18,0.24844263836145178,0.3014107438016529,16063
148,2024-06-19,0.050891114234980765,0.29735884476534297,13516
149,2024-06-20,0.3111966026410564,0.26481295546558703,8330
150,2024-06-21,0.2115541712349247,0.24827462686567164,10033
151,2024-06-22,0.3974116228335959,0.4195063973063973,8251
152,2024-06-23,0.2230407168983175,0.3106758771929825,6835
153,2024-06-24,-0.012927921874999996,0.2511456790123457,12800
154,2024-06-25,0.2564351508295626,0.33680506329113924,13260
155,2024-06-26,0.16737116115411682,0.35274344827586207,7105
156,2024-06-27,0.01646210231611098,0.3061089928057554,7858
157,2024-06-28,0.060167568459254375,0.23980206489675518,9093
158,2024-06-29,-0.07333114840755915,0.29708754716981134,7567
159,2024-06-30,0.03609874692085253,0.3396907335907336,9337
160,2024-07-01,0.31079339654588556,0.355849765258216,5906
161,2024-07-02,0.17472272885485557,0.32380182481751824,8619
162,2024-07-03,0.13045551279584375,0.3675772277227723,5197
163,2024-07-04,0.0962085896984039,0.21124174311926605,19861
164,2024-07-05,-0.05592017268054099,0.29121244979919675,20037
165,2024-07-06,0.3655891170609133,0.20501593406593407,11541
166,2024-07-07,0.23318165715410352,0.2343918918918919,5081
167,2024-07-08,0.46878041415012944,0.2712064516129032,1159
