,Date,Close,Volume,Returns,MA_td,3MA_td,%K_td,%D_td,RSI_td,Momentum_td,MACD_td,CCI_td,BB_td,ATR_td,SNP_Returns,SNP_Volume,Dow_Returns,Dow_Volume,Vix_Returns,Gold_Returns,Gold_Volume,Oil_Returns,Oil_Volume,NVDA_Returns,NVDA_Volume,Total_WP,Total_Gtrends,weighted_mean_sentiment,unweighted_mean_sentiment,ups,TVL,Indicator
0,2024-01-03,98.594437,0.44688876843223446,-0.07519643734311987,0,1,0,0,0,0,0,0,0,1,-0.008016314810930791,0.055492178838113304,-0.007552627919175214,-0.08070686308096375,0.06363636363636371,-0.014628924837063906,-0.11475409836065575,0.032963911606873175,0.0116891042683811,-0.012435621417447695,-0.21971336449007184,0.9390637365313204,0.005494505494505475,-0.2618666666666667,-0.1824166666666666,6,-0.023632630879046213,Sell
1,2024-01-28,95.937981,0.93033103163604,0.01884775260861926,1,0,1,1,0,1,1,0,0,1,0.0,0.0,0.0,0.0,0.0,0.0,0.0,0.0,0.0,0.0,0.0,-0.07879042419151616,0.03571428571428581,0.4745051282051282,0.54194,117,0.022093801526677392,Buy
2,2024-01-29,101.566666,0.07390462984606705,0.058670038094714494,1,1,1,1,0,1,1,0,0,1,0.0075567749087182,0.051219657660881435,0.005878322841198047,-0.19255813953488377,0.02564102564102555,0.004164965190359471,3074.673469387755,-0.01576724738450841,-0.09175112735869706,0.023496289541259152,-0.10652073101055826,0.17935625056989157,0.051724137931034475,0.8337514018691589,0.7509,107,0.04461625511497669,Sell
3,2024-01-30,101.472977,0.27763172278359516,-0.0009224384701177479,1,1,0,1,0,1,1,0,0,0,-0.0006006499471958859,0.0882144356568213,0.0034919731390530284,0.04531490015360973,-0.02132352941176463,0.0031108281416307726,-0.8214626960745283,0.013545207261594028,0.0461459667093469,0.0049467381733769855,0.17779217911697498,0.17442399876295034,0.06557377049180335,0.5008348258706468,0.4483571428571428,201,0.03359683873342023,Sell
4,2024-01-31,97.028709,0.14614271647194554,-0.04379755213055392,1,1,0,0,0,1,1,0,0,1,-0.016105744712610393,0.22418166224815117,-0.008240966799778926,0.38761327455302474,0.07813673929376397,0.008318927885798688,-0.9254097446761066,-0.02531485479311224,-0.007916669066529991,-0.019864880997383594,0.10483645172678258,-0.024292297564186938,-0.007692307692307665,0.4703681666666666,0.3388058823529412,600,-0.007317227353358935,Buy
5,2024-02-01,97.846695,-0.2262627016078882,0.00843035023788663,1,1,1,0,0,1,1,0,0,0,0.012493688199597841,-0.06601833002563817,0.009686399725163941,-0.2899503585217871,-0.032752613240418005,0.0022457030951370527,-0.5281514698555057,-0.0267633230524279,0.67764221624242,0.02437954068945336,-0.18653577055718995,-0.09216652047770058,-0.13178294573643412,-0.0130366666666666,0.091576,1170,0.012137775285985919,Buy
6,2024-02-02,100.440521,-0.12785523802550125,0.026509081374695542,1,1,1,0,0,1,1,0,0,0,0.010684446103877532,-0.09387404271230182,0.003493836722713084,0.18000186433831522,-0.002161383285302687,-0.008231867510959612,-0.0623020063357973,-0.020861568680574205,-0.19062318318983418,0.04970891840005076,0.291028481955649,-0.08710516536603496,0.008928571428571397,0.1625066270178419,0.221801282051282,1177,0.038948953539819975,Sell
7,2024-02-03,97.879982,-0.47579731401778946,-0.0254930875955931,1,1,0,0,0,1,1,0,0,0,0.0,0.0,0.0,0.0,0.0,0.0,0.0,0.0,0.0,0.0,0.0,-0.009118293576487857,-0.08849557522123896,-0.2604530499889891,0.1871162162162162,4541,0.007565328611222055,Sell
8,2024-02-04,95.476959,-0.03350877890812409,-0.02455070945967286,0,1,0,0,0,1,0,0,0,0,0.0,0.0,0.0,0.0,0.0,0.0,0.0,0.0,0.0,0.0,0.0,0.07353545312628373,-0.009708737864077666,0.3773277879064114,0.3124698412698413,6582,-0.013332940637504342,Buy
9,2024-02-05,95.54866,0.2539825317947175,0.0007509769974973768,0,1,0,0,0,1,0,0,0,0,-0.0031863373882050627,0.012402028004579346,-0.007096232919665102,-0.1513324204760902,-0.012996389891696714,-0.0051078164739392085,-0.5360360360360361,0.006917542984470781,-0.24996365719758518,0.047944329023922094,0.42700250536113704,0.06053880300015302,0.07843137254901955,0.0714816970768356,0.2441640151515151,15839,0.009535159127192161,Buy
10,2024-02-06,96.861076,0.03954578494975469,0.013735577244097463,0,1,0,0,0,1,0,0,0,0,0.0023104106497489063,0.10369714984441947,0.0036799852885840423,-0.14319401781004681,-0.044623262618873394,0.004344201615671617,-0.3956310679611651,0.007282206750236275,-0.11369187927363522,-0.015995514106105335,0.004459782554353975,0.22190950422169298,0.11818181818181817,-0.0650922433737874,0.2812130102040816,24637,0.003101956331132305,Buy
11,2024-02-07,100.979279,0.01977052674763402,0.04251659355921267,1,1,1,1,0,1,1,0,0,1,0.008241458140786584,0.10239186827835933,0.004049701322358823,0.09440863330194826,-0.01761102603369069,0.0003440407962644887,-0.714859437751004,0.007502428249964055,-0.051454390506665004,0.027498043181918286,-0.27453225024922745,-0.1807228915662651,-0.07317073170731703,0.1244531631614654,0.3093815384615385,23584,0.007700118216052543,Buy
12,2024-02-08,102.785637,0.3200390748956452,0.017888402629612665,1,1,1,1,0,1,1,0,0,0,0.0005705831293989494,-0.11310791957659849,0.0012660830726631822,0.04400913272227913,-0.003117692907248726,-0.0014740566392633658,3.802816901408451,0.031952341836551046,0.2812327304165043,-0.0065336168352420065,-0.1637552338193008,0.07864763552479825,0.08771929824561409,0.1960722271342961,0.1705616071428571,10179,0.08781721254431907,Buy
13,2024-02-09,106.933334,0.2466062496501149,0.0403528851020305,1,1,1,1,0,1,1,0,0,1,0.005742341519594074,-0.09877563993311622,-0.0014108417101577064,-0.0492535894266426,0.01094605160281481,-0.004379442089653018,-0.8181818181818181,0.008134282233871915,-0.1992400226511355,0.03578357628097795,0.0536047796690331,-0.079195348526365,0.12903225806451624,0.1221090275056813,0.3271060185185185,12761,0.017514054707225446,Buy
14,2024-02-10,109.13147,-0.35621818298731656,0.02055613453518612,1,1,1,1,0,1,1,0,0,0,0.0,0.0,0.0,0.0,0.0,0.0,0.0,0.0,0.0,0.0,0.0,-0.1325301204819277,-0.11428571428571432,0.2844752553422673,0.2607539419087137,13805,0.07217766580107465,Sell
15,2024-02-11,107.495285,-0.25383179884353124,-0.014992788056460649,1,1,0,1,0,1,1,0,0,0,0.0,0.0,0.0,0.0,0.0,0.0,0.0,0.0,0.0,0.0,0.0,0.002844712182061615,0.048387096774193505,-0.0339971216482351,0.2513991701244813,6601,0.021606033207783648,Buy
16,2024-02-12,111.992752,0.9342988517706861,0.04183873739206323,1,1,1,1,0,1,1,0,0,1,-0.0009489534954981727,-0.02740870791900818,0.003250116439967643,-0.08984231756508987,0.07733952049497295,-0.0025206829815086484,4.112903225806452,0.0010411504966763019,-0.1788957476901114,0.0015942494450147393,0.4055382388574491,0.24144835641581852,0.0923076923076922,0.2882660428849902,0.3990527638190955,15390,0.0010601122296096666,Buy
17,2024-02-13,112.579308,0.022168546782498577,0.00523744608043919,1,1,0,0,0,1,1,0,0,1,-0.013674255677835978,0.1304476921702482,-0.013522277040185937,0.16617830195590066,0.13783201722900218,-0.01253588723330612,-0.3753943217665615,0.012350559343488055,0.3609926109563901,-0.0016609871323636227,-0.01813560150559712,0.23064516129032264,0.09859154929577474,0.3763817949808592,0.3684896226415094,7053,0.04020319857545496,Buy
18,2024-02-14,116.976326,-0.11745918196952942,0.03905707077183318,1,1,1,1,0,1,1,0,0,1,0.009579763211684966,-0.10612966884307762,0.003958940264287225,-0.1375043186029712,-0.0927444794952681,-0.0013046188813734538,8.676767676767676,-0.01579560745618558,-0.1243235730718506,0.02456749180810469,-0.1620747452620399,-0.0821319353429445,0.07692307692307687,0.2665411807646683,0.4313740350877192,21918,-0.0016109558674295421,Sell
19,2024-02-15,113.699409,0.03355851277762034,-0.028013505912298897,1,1,0,0,0,1,1,0,0,1,0.005821250628704755,0.07602714790929888,0.009078938058108221,0.10644186300571712,-0.025730180806675995,0.0059287176352775806,-0.8507306889352818,0.018136743451679926,-0.5865613529147573,-0.0168065624680227,-0.16793849286120288,0.048191337458353134,-0.005952380952380931,0.224630303030303,0.3236433774834437,16335,0.04122914244708409,Sell
20,2024-02-16,110.445915,-0.22261366618089984,-0.028614871692077215,1,1,0,0,0,1,0,0,0,1,-0.004803469787855286,-0.07363513993576565,-0.0037431294903536028,-0.07118878357030012,0.016416845110635236,0.004695082220010027,-0.8881118881118881,0.014866115787083523,-0.0712150418191323,-0.0006193124206271827,0.1790075263851929,-0.1732319218980588,-0.11377245508982037,0.0082487302638842,0.275929490616622,18114,-0.023357860884859027,Sell
21,2024-02-17,108.984016,-0.2866252374273799,-0.01323633382004219,0,1,0,0,0,1,0,0,0,0,0.0,0.0,0.0,0.0,0.0,0.0,0.0,0.0,0.0,0.0,0.0,-0.15810792255938488,-0.1351351351351351,0.2860499416255052,0.2962471365638767,11135,-0.018284118002513616,Buy
22,2024-02-18,112.174675,0.10631402161952619,0.029276394072319745,1,1,1,0,0,1,0,0,0,1,0.0,0.0,0.0,0.0,0.0,0.0,0.0,0.0,0.0,0.0,0.0,0.1736932235178994,0.015625,0.1626656465825196,0.30155,8398,-0.0018495730431660196,Sell
23,2024-02-19,111.485329,0.25214568800626,-0.006145290815418036,0,1,0,0,0,1,0,0,0,0,0.0,0.0,0.0,0.0,0.0,0.0,0.0,0.0,0.0,0.0,0.0,0.13916487181268677,0.16153846153846163,0.0795170911370582,0.4274076335877863,12761,0.025353040719498843,Sell
24,2024-02-20,108.459641,0.39939893299848306,-0.027139786258333465,0,1,0,0,0,0,0,0,0,1,-0.006005321882809889,0.05259478200074619,-0.0016616837390822647,0.19056730803302502,0.0828651685393258,0.007954262987819982,40.4375,-0.012754160556783467,2.827486742940561,-0.04353209540346903,0.4229650311814215,0.07983654549890207,-0.0331125827814569,0.1486985522692956,0.334871661237785,11259,0.01832076101340352,Sell
25,2024-02-21,105.125221,-0.15435383242547507,-0.030743417267995676,0,1,0,0,0,0,0,0,0,1,0.0012641999103253365,-0.06108979697041794,0.0012560354275004126,-0.16810024107860355,-0.005188067444876765,-0.002564710727496977,-0.9886877828054299,-0.0034535175236634075,-0.257313864923547,-0.02850894019572059,-0.020621906182031746,-0.07342558599265747,-0.047945205479452024,0.3514065534479216,0.3935553475935828,14603,-0.024005415476305525,Sell
26,2024-02-22,101.669792,-0.1852475623302141,-0.03286964790304692,0,0,0,0,0,0,0,0,0,0,0.021122884121996588,0.0695070993218756,0.011832287231709593,0.1614253515079962,-0.052151238591916615,-0.0012857132655886838,63.266666666666666,0.008984686998604108,0.02248463230448916,0.16400880365188542,0.25322686723704835,0.14355379457482464,-0.007194244604316502,-0.0296895535293193,0.3366220588235294,12722,0.015231229778339905,Sell
27,2024-02-23,99.954697,-0.18974328224782366,-0.016869268307345475,0,0,0,0,0,0,0,0,0,0,0.00034794763836831777,-0.09352100717968459,0.0015977296641407346,-0.11619382065736372,-0.054332874828060485,0.009357838024723453,-0.9771784232365145,-0.02696861688120311,0.06936531613168695,0.0035524076611981314,-0.04128077678881059,-0.07185501066098077,-0.06521739130434778,0.1446236458251202,0.404701655629139,12683,-0.010029098914011048,Buy
28,2024-02-24,104.133522,-0.26943410987632643,0.041807189911245546,0,1,1,1,0,0,0,0,0,1,0.0,0.0,0.0,0.0,0.0,0.0,0.0,0.0,0.0,0.0,0.0,-0.17263955892487937,-0.03875968992248058,0.0490900613721718,0.1895680672268907,10917,-0.02006935309745206,Sell
29,2024-02-25,103.453491,-0.16054727688211057,-0.006530375492341478,0,0,1,1,0,0,0,0,0,0,0.0,0.0,0.0,0.0,0.0,0.0,0.0,0.0,0.0,0.0,0.0,0.09204498125780924,0.048387096774193505,0.3250367717003567,0.3034005405405405,10092,0.03364348275784379,Buy
30,2024-02-26,109.918533,1.5662354120533117,0.06249225557791949,1,1,1,1,0,0,1,0,0,1,-0.0037867514420720783,0.0030331165136041616,-0.0015920864584106909,0.03492384371405666,-0.0007272727272726875,-0.0049543687427179295,5.5,0.014250281455099545,-0.22274691104779631,0.0034891203231648404,-0.39235556820209605,0.22546402237477747,0.20769230769230762,0.1004673758865248,0.2842632450331125,13254,-0.00036240202133952515,Sell
31,2024-02-27,108.388084,0.16688902675177286,-0.013923484586534585,1,1,0,1,0,0,1,0,0,1,0.0017063497734237654,0.06569614514933786,-0.0024781730235722277,-0.08106287677230328,-0.022561863173216956,0.002711363076164597,5.741258741258742,0.016628009367671837,-0.019926467911615897,-0.004943698290205134,-0.22276590214158298,0.27034597230146784,0.35031847133757954,0.1693982651222651,0.2925450549450549,19425,0.051386223354491944,Buy
32,2024-02-28,118.0522,0.8463662221425445,0.08916216288129974,1,1,1,1,0,1,1,0,0,1,-0.0016581550295902137,-0.034789031954049365,-0.00060018420483543,-0.001099464927068805,0.03052866716306779,-0.000491642084562427,-0.3973029045643154,-0.004184125617441525,0.22585018348214958,-0.013189083401180857,0.00358688298592047,0.2861459311583847,0.3018867924528301,0.1569269930907613,0.1633784232365145,46749,0.06275056875746032,Buy
33,2024-02-29,125.711517,0.38187378324168675,0.06488076461090952,1,1,0,1,0,1,1,0,0,1,0.0052290947152544565,0.37746907797338336,0.001216233285726176,0.9066994423246257,-0.03179190751445082,0.006246901623216949,0.21514629948364883,-0.003565049610834703,-0.036674009144263,0.018657506955499725,0.29045051003535916,-0.11394012508333595,0.018115942028985588,-0.064382104297128,0.2299130434782608,37048,0.035387388759757776,Buy
34,2024-03-01,129.990402,-0.3175549378860556,0.03403733486089422,1,1,1,1,0,1,1,0,0,1,0.008007828831644304,-0.09035507515700014,0.0023332487838416682,-0.3630241105274298,-0.02164179104477615,0.020139781975289317,0.7138810198300283,0.02185022944415449,0.14304001711020042,0.04003184093437162,-0.05549893650364979,-0.2085274095306342,-0.19217081850533813,0.0542430484661646,0.1214870192307692,19787,0.042248149940196766,Sell
35,2024-03-02,129.70018,-0.4219422856948334,-0.0022326417607355653,1,1,0,0,0,1,1,0,0,0,0.0,0.0,0.0,0.0,0.0,0.0,0.0,0.0,0.0,0.0,0.0,-0.09601629696695335,-0.10132158590308371,0.1615640948081264,0.3617248366013071,22150,0.03937749191562134,Buy
36,2024-03-03,130.450867,0.048815677963230275,0.005787863979834107,1,1,1,1,0,1,1,0,0,0,0.0,0.0,0.0,0.0,0.0,0.0,0.0,0.0,0.0,0.0,0.0,-0.029195252641594505,-0.03431372549019607,-0.0344410304690174,0.3813165517241379,5842,0.0028510745539886972,Buy
37,2024-03-04,133.19458,0.5404564177262046,0.02103253940044736,1,1,1,1,0,1,1,0,0,0,-0.0011932621074473015,0.0021756025028907278,-0.0024957104756140325,0.16693351055795547,0.02898550724637694,0.01475875722188813,-0.3347107438016529,-0.015380805109656004,-0.044585145989318065,0.03595086274688386,0.2848487378296305,0.373259052924791,0.4619289340101522,0.2476139540621222,0.2881501718213058,40533,0.022233964959615493,Sell
38,2024-03-05,125.706711,1.0272651460464557,-0.056217520262461185,1,1,0,0,0,1,0,0,0,1,-0.010193100890155904,-0.07145829305402607,-0.010378007251089949,0.01931191591809256,0.0719051148999259,0.007460947898940473,0.5987577639751553,-0.007492964376250022,0.2572102507387375,0.008529124675903832,-0.15427961586443495,0.12741341747426937,0.13194444444444442,0.1122406516941451,0.2796670241286863,38515,0.03705692659164406,Buy
39,2024-03-06,130.74202,-0.42689183548741905,0.04005600782920804,1,1,1,0,0,1,1,0,0,1,0.005141103345146503,0.0318304548468793,0.001966023032043518,-0.11644444444444446,0.0027662517289073207,0.007874407780642079,-0.6557886557886559,0.012539922903648915,-0.14998591133072636,0.031827277645081864,0.11885586750128208,-0.007296594922369559,-0.13496932515337423,0.3321112853337915,0.3846454849498327,23278,-0.06625208719206388,Buy
40,2024-03-07,143.977859,0.38170201087096545,0.10123630490029134,1,1,1,0,0,1,1,0,0,1,0.01030412779663803,-0.09235915377107073,0.003370337312819105,-0.0354124748490946,-0.004137931034482789,0.0035808728198565287,-0.6568848758465011,-0.0025274485982856865,0.16675425617640793,0.04474636002524335,0.04394527226532996,-0.07430776976002684,-0.07446808510638303,0.2670836769257723,0.1914719298245614,17123,0.07640571071221958,Buy
41,2024-03-08,145.240036,-0.23013321790098684,0.008766465960575287,1,1,0,1,0,1,1,0,0,0,-0.006528519028031199,0.01713154727669064,-0.001769986201395679,0.01922045413910234,0.020775623268698196,0.009545921223354847,0.7039473684210527,-0.011655872291904346,-0.19724061784659164,-0.05547701017035911,0.8783642675200085,-0.0691418005148472,-0.007662835249042099,0.0765311834254548,0.2989581683168317,54638,0.04631849556158807,Sell
42,2024-03-09,144.607254,-0.4618366446514949,-0.00435680145383599,1,1,0,1,0,1,1,0,0,0,0.0,0.0,0.0,0.0,0.0,0.0,0.0,0.0,0.0,0.0,0.0,-0.05254342915011301,-0.10038610038610041,0.1511473223273605,0.2647474926253687,19868,0.04484741272324633,Sell
43,2024-03-10,144.515182,0.15659187707351618,-0.0006367038820888071,1,1,0,0,0,1,1,0,0,0,0.0,0.0,0.0,0.0,0.0,0.0,0.0,0.0,0.0,0.0,0.0,0.060801644398766674,0.0,0.2461361812297735,0.1172426724137931,9270,0.012970627498666287,Buy
44,2024-03-11,148.750961,0.5798771735884045,0.02931026997564845,1,1,1,1,0,1,1,0,0,1,-0.0011222380874353899,-0.07423370168239929,0.0012129515871597274,-0.12232845072069698,0.03256445047489831,0.0017900953936338393,1.8494208494208495,-0.0010255351615039432,-0.050815318257546815,-0.02003927885933654,-0.40612587752972373,0.21310649511703605,0.24034334763948495,0.5006702020202021,0.4089060344827586,3564,0.04222580208311277,Buy
45,2024-03-12,151.015442,0.1913197808385505,0.015223303330457183,1,1,0,1,0,1,1,0,0,0,0.011201788153222925,0.04724324574033156,0.006082800933799426,0.09627236083813595,-0.09067017082785811,-0.010126047193585341,-0.2547425474254743,-0.0047478762992431145,-0.06048085172172324,0.07157180330702073,-0.015167373268628603,-0.1035683480816535,-0.0726643598615917,0.3062829293993677,0.3326531818181818,2847,0.010403863423846804,Buy
46,2024-03-13,163.839813,-0.07735823186150004,0.08492092484158009,1,1,1,1,0,1,1,0,0,1,-0.0019245297272429962,0.049596741583772586,0.0009699156110405394,0.005591175666231019,-0.006502890173410436,0.006943158989275,-0.9636363636363636,0.02784944630865005,0.020869767231755043,-0.011151871636180477,-0.048440669086554644,-0.06867182210184952,0.018656716417910557,0.0941491222830595,0.3048732620320855,30135,0.01884069402201627,Buy
47,2024-03-14,176.679749,0.41951972139475013,0.07836883944685646,1,1,1,1,0,1,1,0,0,1,-0.0028710917313009565,0.09458099554272925,-0.0035258312022751204,0.1356178043695042,0.047272727272727355,-0.005700056338423076,24.75,0.019317623942327833,-0.05986282752299377,-0.03239151483144087,-0.05253156691777583,-0.14532792530802785,0.0,0.1492641770401106,0.2870120734908136,22413,0.07071476079058403,Buy
48,2024-03-15,182.964691,0.6777859697772666,0.03557250921835986,1,1,0,1,0,1,1,0,0,1,-0.006482917345501438,0.6539504305701616,-0.00490650008853688,1.0605092999121895,0.000694444444444331,-0.002635206195099382,-0.8058252427184466,-0.0027073713338081618,-0.377784501596907,-0.0012167060856910217,0.06602492371139501,-0.0813037249283668,-0.00366300366300365,0.0519282452289494,0.2382226299694189,32802,0.036363792316727706,Sell
49,2024-03-16,181.880341,-0.16314180804389833,-0.005926553337004203,1,1,0,0,0,1,1,0,0,1,0.0,0.0,0.0,0.0,0.0,0.0,0.0,0.0,0.0,0.0,0.0,-0.16115984405458095,-0.05147058823529416,0.4494355978875895,0.466201832460733,26510,0.027122884625518262,Buy
50,2024-03-17,202.123566,-0.07782813910965047,0.11129968686390379,1,1,1,0,0,1,1,0,0,1,0.0,0.0,0.0,0.0,0.0,0.0,0.0,0.0,0.0,0.0,0.0,0.16847731365828156,-0.06976744186046513,-0.011361039321169,0.16663125,18031,-0.015352627138996877,Sell
51,2024-03-18,195.992752,0.024036740941690615,-0.03033200987558282,1,1,0,0,0,1,1,0,0,0,0.0063180594802156875,-0.479443927843202,0.0019542969754582362,-0.5764889715377861,-0.005551700208188737,0.0015759986662848835,-0.79,0.02073050319927794,-0.5422578588487017,0.0070358051171102165,0.04187912522621584,0.05270223238701344,0.09166666666666656,0.1741227110033483,0.2137647959183673,25983,0.08648436481447463,Sell
52,2024-03-19,170.016281,0.04677347852943026,-0.13253791650417768,0,1,0,0,0,1,0,0,0,1,0.005649149698535805,-0.0011049942768233123,0.008258017082473756,-0.052873913706357634,-0.03558967201674812,-0.0020363317905217615,-0.4285714285714286,0.009066731031591724,-0.09329776434760029,0.010660799035423718,0.004775956088110878,0.12870164832569775,-0.01526717557251911,0.1105436358313817,0.3401136518771331,17080,-0.033856396852082304,Buy
53,2024-03-20,191.549622,-0.2560031237015582,0.12665458198088686,1,1,1,0,0,1,1,0,0,1,0.008904173803579996,0.008207333769867153,0.010262320889675047,0.12697595054891986,-0.05643994211287995,0.0007419435902449312,0.41666666666666674,-0.021444842201451375,3.5715754940505633,0.01089508677279949,-0.28728999019594714,-0.13984433843836308,-0.08914728682170547,0.0404833839395309,0.2721050505050505,15479,-0.08310969626613351,Sell
54,2024-03-21,179.220749,-0.3527970017275137,-0.06436385972090297,0,1,0,0,0,1,0,0,0,1,0.0032365354076133723,0.0351501285410285,0.006814165560163454,0.1683759462933867,-0.009202453987730008,0.011353631360422556,2.7058823529411766,-0.007468168462292035,-0.24006367449688315,0.011762448285697946,0.002732417239486251,-0.12118116365051568,-0.08936170212765959,0.0666337200433543,0.1714235294117647,24911,0.12534031883723395,Sell
55,2024-03-22,174.363708,-0.2605846654508349,-0.027100885511866735,0,1,0,0,0,1,0,0,0,0,-0.0014021877775134417,-0.19797610588131842,-0.007678786517392733,-0.18741289518081128,0.010835913312693624,-0.011134441482393509,-0.6984126984126984,-0.005427445417540255,-0.13399910065202725,0.03121346379862122,0.22138467687542152,-0.026072515914752237,-0.12149532710280375,0.1226426153295982,0.1602436426116838,16778,-0.06146984145221146,Sell
56,2024-03-23,172.902252,-0.34675444725044524,-0.008381652447996824,0,1,0,0,0,1,0,0,0,0,0.0,0.0,0.0,0.0,0.0,0.0,0.0,0.0,0.0,0.0,0.0,-0.14891440263726274,-0.058510638297872286,0.1097585026794715,0.3271343434343434,18847,-0.031664551292808873,Buy
57,2024-03-24,183.573456,-0.0185684925662033,0.061718131930404097,1,1,1,0,0,1,0,0,0,0,0.0,0.0,0.0,0.0,0.0,0.0,0.0,0.0,0.0,0.0,0.0,0.019166555362628568,0.02824858757062154,0.2591147862265286,0.354696958174905,18267,0.029802070958617755,Buy
58,2024-03-25,189.083542,0.5280479058199834,0.03001570118067609,1,1,1,1,0,1,0,0,0,0,-0.003054964571781338,-0.012842623047974677,-0.00411030070043461,-0.026087741469579373,0.009954058192955584,0.007738265252606569,3.1578947368421053,0.0163710783717379,0.29969147688672915,0.007561836401257516,-0.05894303746768048,0.3252080466548719,0.15934065934065944,0.2175022380925603,0.3031900928792569,17783,0.059052763768695726,Buy
59,2024-03-26,190.69986,-0.13434442825327308,0.008548168618504048,1,1,1,1,0,1,0,0,0,0,-0.0027997951713500946,0.16222503722203552,-0.0007964792754423522,-0.051688448110730034,0.0037907505686125553,0.00036787243975267003,2560.6835443037976,-0.0040267725696194745,-0.21479224930083896,-0.025694217234313088,-0.06970746337858791,0.03624406645569622,-0.04739336492891,0.0902465922249793,0.3013115511551155,12090,0.053234580241209306,Sell
60,2024-03-27,186.361465,0.09226956649479412,-0.022749859386367643,1,1,0,1,0,0,0,0,0,0,0.008630626477696302,-0.00549874864080957,0.012161957368711729,0.08226363458656416,-0.03474320241691853,0.0068946494412227555,-0.8458292361135131,-0.003308073879879636,0.059865589688142595,-0.02496728724734887,0.14098954926330864,-0.0919979004628525,-0.03482587064676612,0.2209767249779592,0.2058399477806788,21551,0.014309726749349716,Buy
61,2024-03-28,189.621628,-0.24306226281692345,0.017493761384629547,1,1,1,1,0,0,0,0,0,0,0.0011164856442029691,0.03837683417737958,0.0011894586537610774,0.08663716547758815,0.017996870109546093,0.012234001096077751,-0.9346153846153846,0.022372465208911452,0.17526523819430007,0.0011745484764542624,-0.2574023106573139,0.2219769825003941,0.04123711340206193,0.083717796554228,0.3134105691056911,15149,-0.026246056847623822,Buy
62,2024-03-29,192.227951,0.041435793461836345,0.013744861424773713,1,1,1,1,0,1,0,0,0,0,0.0,0.0,0.0,0.0,0.0,0.0,0.0,0.0,0.0,0.0,0.0,-0.1260912570421021,-0.0643564356435643,0.0551853328794436,0.2276488461538461,20563,0.020645235247331195,Buy
63,2024-03-30,194.385544,-0.010457813861479148,0.011224137742591012,1,1,0,1,0,1,0,0,0,0,0.0,0.0,0.0,0.0,0.0,0.0,0.0,0.0,0.0,0.0,0.0,-0.05565670980758819,-0.02645502645502651,0.0980865494962273,0.2361065625,22133,0.01894764807816851,Buy
64,2024-03-31,202.87413,-0.21909237976583518,0.04366881315001492,1,1,1,1,0,1,1,0,0,0,0.0,0.0,0.0,0.0,0.0,0.0,0.0,0.0,0.0,0.0,0.0,-0.0951537258989057,0.010869565217391353,0.1221662340093603,0.3469483870967741,16025,0.004792266333910611,Sell
65,2024-04-01,192.567825,0.6533769309395205,-0.050801474786361434,1,1,0,0,0,1,0,0,0,1,-0.002013584516194933,-0.168157728217454,-0.006042085281945608,-0.25348366900296426,0.04919292851652579,0.008613736287609752,-0.803921568627451,0.006492737922153102,0.09287751809213884,7.742706370050811e-05,0.03958760328299782,0.08580972126238184,-0.021505376344086002,0.5465252980548003,0.3258910344827586,9562,0.017198094570765043,Sell
66,2024-04-02,181.172256,0.1757910568988581,-0.059176910784550785,0,1,0,0,0,1,0,0,0,1,-0.007239059084440891,0.16857239929884282,-0.010023877724223085,0.18599473039670467,0.0703296703296703,0.010954616588419341,0.08749999999999991,0.01720228189227435,0.07157874409376475,-0.010081515776164007,-0.04282768360957556,0.11281425692160818,0.03846153846153855,-0.0043219352908918,0.2487788679245283,20059,-0.023991709761048474,Buy
67,2024-04-03,185.248611,-0.08628938740620407,0.022499885412918808,0,1,1,0,0,1,0,0,0,1,0.0010911222145302268,-0.0471724570896338,-0.0011002653517403482,0.13952251322006326,-0.019164955509924697,0.014772181335692247,-0.3448275862068966,0.003288291173498825,-0.062466573654226254,-0.0054555066810522135,-0.14546810633070406,-0.04241933177636914,-0.06878306878306883,0.0578387247524752,0.3500090624999999,12625,-0.042625616335828065,Sell
68,2024-04-04,183.958115,-0.014217306118921025,-0.006966292449016143,0,1,0,0,0,0,0,0,0,0,-0.012334336267318058,0.10056841963140495,-0.01354967798646789,-0.02106101378439229,0.14096301465457084,-0.002440661279282108,-0.11929824561403513,0.013578321432751839,0.11466474861183884,-0.03438467361128128,0.17536824412876584,-0.0637101189587378,0.005681818181818121,0.1119163171875883,0.3409581314878893,17693,0.013421757120652078,Sell
69,2024-04-05,174.501511,0.803950693937787,-0.05140628887179022,0,0,0,0,0,0,0,1,0,1,0.011099194210624663,-0.16902700898991085,0.007955508184030569,-0.11051583405795073,-0.01957180428134575,0.016121942157473423,0.3705179282868525,0.003695669416591718,-0.017600560725828385,0.02448057766696432,-0.0811260676146357,-0.15512200308330237,-0.02824858757062143,0.1771605280898876,0.2542931506849314,8900,-0.02650407831953039,Buy
70,2024-04-06,178.915344,-0.3683874170322615,0.025293952898780336,0,1,1,0,0,0,0,0,0,0,0.0,0.0,0.0,0.0,0.0,0.0,0.0,0.0,0.0,0.0,0.0,-0.10438557855659725,-0.09302325581395354,0.1699199605343048,0.0674794594594594,6588,-0.017838182863891494,Buy
71,2024-04-07,179.649857,-0.6030764712470408,0.004105366166917479,0,1,1,1,0,0,0,0,0,0,0.0,0.0,0.0,0.0,0.0,0.0,0.0,0.0,0.0,0.0,0.0,0.3080651960095546,0.0064102564102563875,0.2853580586200143,0.2994128099173553,15319,0.01441709259382895,Buy
72,2024-04-08,180.784775,0.47961411357556205,0.006317388830429094,0,1,1,1,0,0,0,0,0,0,-0.0003746309922952884,-0.03206585606387191,-0.0002888718567704007,-0.08088675853804672,-0.05240180583893905,0.002579868481065395,-0.41279069767441856,-0.005523000551236779,0.11474323765734451,-0.009942277635819119,-0.2913795605462397,-0.07196949352811643,0.15923566878980888,0.2052130597792126,0.2363387755102041,9602,0.00760138127140908,Sell
73,2024-04-09,172.41362,-0.020474235307618827,-0.04630453532384016,0,0,0,0,0,0,0,1,0,1,0.0014454930910536845,0.037368295822682196,-0.00023471968633481666,0.1277705345501956,-0.013824884792626668,0.005060706457938213,0.044554455445544594,-0.013884033321763356,-0.19998272945694306,-0.020417143203477206,0.7779358802344467,-0.180450257538052,-0.07692307692307687,0.4772602381758664,0.2640962857142857,17718,0.012653309771482713,Buy
74,2024-04-10,173.437363,0.24398798399011,0.005937715361466145,0,0,1,0,0,0,0,1,0,1,-0.00945698054759303,0.13092969641365837,-0.010857003354958983,-0.03383024034073623,0.05473965287049398,-0.005931257520802258,0.7867298578199051,0.011498251384550517,0.1871305485183845,0.019741372155557935,-0.1422270413685316,-0.01313466563095822,-0.04761904761904767,-0.1156176434953809,0.1815038575667656,13206,-0.04118461071515189,Sell
75,2024-04-11,172.57637,-0.18891333163804425,-0.0049642878853042305,0,0,1,0,0,0,0,1,0,0,0.007444797734401654,-0.08750809297101092,-6.327348799450849e-05,0.12299263177781983,-0.05632911392405071,0.010817286203599785,-0.24933687002652516,-0.013803526433169178,0.0379446915138566,0.04109647352225454,-0.0006760370338643185,0.48543828264758493,0.03125,0.3422457476548425,0.2235245222929936,16097,0.009112182218925291,Sell
76,2024-04-12,153.635468,0.7428476046315182,-0.1097537397501176,0,0,0,1,1,0,0,1,1,1,-0.014550688420889468,0.12932198849939303,-0.012372627405509373,0.23628869448183032,0.16096572769953066,0.0005944886915534298,1.0636042402826855,0.007527723154353794,-0.04681445296397069,-0.026816457142771255,-0.011194591751865546,-0.1852690399344863,0.05454545454545445,0.2946650593255012,0.3414108262108262,17109,-0.026407937952772853,Sell
77,2024-04-13,139.34169,0.8989722485080478,-0.09303696721905386,0,0,1,1,1,0,0,1,1,1,0.0,0.0,0.0,0.0,0.0,0.0,0.0,0.0,0.0,0.0,0.0,-0.15384615384615385,0.10919540229885061,0.026037054870628,0.2705538194444444,18899,-0.1309864971529917,Buy
78,2024-04-14,151.284943,-0.2078492354974102,0.08571198612561681,0,0,1,1,1,0,0,1,0,1,0.0,0.0,0.0,0.0,0.0,0.0,0.0,0.0,0.0,0.0,0.0,0.0772832087205646,-0.025906735751295318,-0.3494600874867444,0.2612684397163121,15088,-0.12038461121936339,Sell
79,2024-04-15,138.508621,-0.1985009283857313,-0.08445203961903858,0,0,0,1,1,0,0,1,1,1,-0.012021354942249096,-0.0032826842819727586,-0.006532589563963409,-0.11734821165317189,0.11091860837195888,0.0040743986926599085,2.083904109589041,-0.002918514923254012,-0.07045124041107365,-0.024777153678945285,0.03812513911505255,0.05344749302717777,-0.07446808510638303,-0.0131080244122965,0.3027223270440251,22120,0.0940362177322116,Sell
80,2024-04-16,136.279327,-0.09533474657622787,-0.016094983719461164,0,0,0,0,1,0,0,1,0,0,-0.0020565070195988078,0.014173929993595236,0.001692306609353711,-0.12768198987588975,-0.0431617264690588,0.010567249759998676,-0.9772348695169351,-0.0005854466415902149,-0.29820526092342403,0.016441692729639135,-0.16390830487703045,-0.0778892925312481,-0.051724137931034475,0.3520961862177801,0.3225158878504672,11406,-0.0511947445464912,Sell
81,2024-04-17,131.86618,-0.05188784431046267,-0.03238309945572293,0,0,0,0,1,0,0,1,0,0,-0.005780602663063683,-0.10235884379212223,-0.0012079735905492495,-0.07314127489100974,-0.010326141304347725,-0.007988998497799438,-0.09756097560975607,-0.031279275641058035,0.0753989135794284,-0.03866609805335364,0.3372816524633355,-0.012753739316239354,-0.048484848484848464,-0.0456745139112686,0.3190578512396694,18618,0.00014870819669665636,Buy
82,2024-04-18,142.082397,-0.1421659818255484,0.07747412566284972,0,0,1,1,1,0,0,1,0,1,-0.0022081601697494513,0.006570952663001561,0.0005845927899283954,-0.04582869855394878,-0.011532070924331173,0.004469409376818723,2.4594594594594597,0.0004837465114584383,-0.6745472759497573,0.007568203364398007,-0.09717400080742833,0.0951640175853905,0.03821656050955413,0.2667935480703132,0.3828882352941176,10183,-0.015078652153453165,Buy
83,2024-04-19,142.680496,0.39682413257062166,0.004209522169027258,0,0,1,1,0,0,0,0,0,1,-0.008758548183889103,0.07154894247132404,0.005586165860178349,0.40045964760350405,0.039444388888888904,0.006758113028943802,0.25,0.004955832045600239,-0.08958422124354781,-0.1000460748082832,0.9567991772123596,0.025012351778656017,0.15337423312883436,0.2408660971405394,0.3578467432950191,19724,0.045622298498163794,Buy
84,2024-04-20,151.13356,-0.5226953366893607,0.05924470573749607,1,0,1,1,0,0,1,0,0,0,0.0,0.0,0.0,0.0,0.0,0.0,0.0,0.0,0.0,0.0,0.0,0.12743266855455815,-0.03191489361702127,0.18484907588413,0.3030593959731543,22508,0.019132978229917885,Sell
85,2024-04-21,148.609314,-0.20895974376316895,-0.01670208787512173,1,0,0,1,0,0,1,0,0,0,0.0,0.0,0.0,0.0,0.0,0.0,0.0,0.0,0.0,0.0,0.0,-0.07155835827276613,-0.2142857142857143,0.0993615251760329,0.3068521428571428,7527,0.06679782933573608,Buy
86,2024-04-22,157.031219,0.33820121446325535,0.05667144792822332,1,0,1,1,0,1,1,0,0,0,0.008731248235862799,-0.015082178536899749,0.006675600778891733,-0.16365409313608903,-0.09460171537155082,-0.027601715187194897,-0.66875,-0.0034881044441678055,3.082053549368669,0.04354332192427779,-0.3186216147660301,-0.012548206987854749,0.034965034965035,0.2714625966494845,0.3175153846153846,9312,0.008854908390030225,Sell
87,2024-04-23,154.701309,-0.07060447335210396,-0.014837240740008473,1,0,0,1,0,1,1,0,0,0,0.011964576263814974,-0.018022380734245114,0.006896210033731087,-0.06321626617375231,-0.07378990119304008,-0.0019295086590112032,2.2264150943396226,0.0061557394364692986,0.13347604757991038,0.03653259731212022,-0.26458351849025974,0.1289419994170795,-0.05405405405405406,0.1459510284891494,0.2912198952879581,19446,0.025406208716799883,Sell
88,2024-04-24,147.745148,0.4295840419676382,-0.04496510756738337,1,0,0,1,0,0,1,0,0,0,0.0002130100366897203,-0.025233246254731556,-0.0011107904057565676,0.023708335863031893,0.017845761631612556,-0.0013747265830483801,-0.4444444444444444,-0.006597924584957782,-0.07514319279173953,-0.03331588391526208,0.16793407500473134,2.6202819228584704,0.014285714285714235,0.1214389623043663,0.3782242666666667,16421,0.012624989457904912,Sell
89,2024-04-25,144.89212,-0.06544901068390707,-0.01931046832076,0,0,0,0,0,1,0,0,0,0,-0.0045764303656697924,0.08239852983805251,-0.009753304801667695,0.21036088129763075,-0.037570444583594376,0.0022800813078081017,9.778947368421052,0.009177659924590298,-0.045463523734566635,0.03708726390081796,-0.170959844438197,-0.37483241578001536,-0.07746478873239437,0.1150393811893888,0.2630814393939394,19489,-0.041989663804843036,Sell
90,2024-04-26,139.10434,-0.3022012139480337,-0.039945443547930726,0,0,0,0,0,1,0,0,0,0,0.010209142622110035,-0.08941524235418952,0.0040398093737012974,-0.023250116373079832,-0.022121014964216035,0.002146106916834478,-0.2998046875,0.0033504606916359148,-0.22293038240649954,0.06175569698152317,0.29759255465204726,-0.013551433851207939,-0.04580152671755722,0.2316191709844559,0.3318855072463768,17177,0.012177837921317991,Buy
91,2024-04-27,141.289169,-0.0745725699129659,0.015706404271786045,0,0,1,0,0,1,0,0,0,0,0.0,0.0,0.0,0.0,0.0,0.0,0.0,0.0,0.0,0.0,0.0,-0.3957307060755336,-0.03200000000000003,0.4258666988919461,0.3541494382022472,13447,-0.03950383947922387,Sell
92,2024-04-28,137.856415,-0.17451470288901327,-0.024295945855552392,0,0,0,0,0,0,0,0,0,0,0.0,0.0,0.0,0.0,0.0,0.0,0.0,0.0,0.0,0.0,0.0,-0.4317973055725658,0.0,-0.081127865993575,0.2426503105590062,10895,-0.3721069182634831,Sell
93,2024-04-29,137.776657,0.2582669879212611,-0.000578558495083481,0,0,0,0,0,0,0,0,0,0,0.0031784486788053457,-0.043475003745692464,0.0038292622738445026,-0.13808066619845494,-0.0239520958083832,0.004539940370714035,-0.4351464435146444,-0.014549803567079356,0.38057273956327586,0.00025078930585520354,-0.2940776136955524,-0.08439983834029363,0.03305785123966931,0.3944644716847331,0.2514525842696629,9871,0.3936148095795917,Sell
94,2024-04-30,126.962708,0.3823071261405797,-0.07848897799864596,0,0,0,0,0,0,0,1,0,1,-0.015730513690315306,0.1841999158798533,-0.014853504780433457,0.3051246980764195,0.06680299931833678,-0.023023792212983563,-0.7209876543209877,-0.008471463456545925,0.1890178762196424,-0.015440408608297429,-0.06494571574744645,0.07474435371146915,0.1120000000000001,0.1527593218416874,0.2648021097046413,8818,-0.01678148313577521,Buy
95,2024-05-01,134.627975,0.213976824194557,0.060374161206454335,0,0,1,1,0,0,1,1,0,1,-0.0034354386792455616,0.11309329890972863,0.002310328128156902,-0.07790759900107025,-0.016613418530351476,0.00370952272127667,-0.6283185840707964,-0.03576223605516915,0.10306978137166811,-0.03889956251012716,0.539315771674608,-0.05633513587514549,0.08633093525179847,0.059568975969615,0.3241488,27382,-0.055728913723702034,Buy
96,2024-05-02,137.814484,-0.18284695362868875,0.023668995986903862,0,0,1,1,0,0,1,0,0,1,0.009128436958746544,-0.03576230642779654,0.008505095493538395,-0.13935774048459637,-0.046133853151397064,-0.00030433976687049835,0.33333333333333326,-0.0006329493670886865,-0.18626718976962653,0.03342928192097894,-0.3250170130907025,-0.0335122588132889,-0.13907284768211925,0.2817327087794432,0.2658786666666666,9340,0.03286753125907982,Buy
97,2024-05-03,143.772552,-0.04825807340571109,0.043232524093766544,1,0,1,1,0,0,1,0,0,0,0.01255673977161953,-0.1042230570149213,0.011772707918279446,0.1534657638166952,-0.08106267029972747,-8.696546810249561e-05,2.4642857142857144,-0.010639595084468434,-0.0979113142704614,0.03463183245007584,0.05409660807942873,-0.04870909636745724,-0.03076923076923077,0.340636997197182,0.4219958598726114,13201,0.034121629673414366,Buy
98,2024-05-04,146.135056,-0.05184222615965517,0.01643223248899406,1,0,1,1,0,0,1,0,0,0,0.0,0.0,0.0,0.0,0.0,0.0,0.0,0.0,0.0,0.0,0.0,-0.042919132149901396,-0.03968253968253965,0.1914439215409581,0.3453872274143302,14173,0.03604965420388706,Sell
99,2024-05-05,145.713028,-0.3328952670842602,-0.002887931284605516,1,0,0,1,0,0,1,0,0,0,0.0,0.0,0.0,0.0,0.0,0.0,0.0,0.0,0.0,0.0,0.0,0.022998928365344895,-0.06611570247933884,-0.034263764432503,0.432259649122807,13771,0.015701879050015854,Buy
100,2024-05-06,152.802399,0.4384266108218853,0.048652966020306776,1,1,1,1,0,1,1,0,0,1,0.010326123846195134,-0.06158996583430787,0.004565914404725868,-0.23135946215867298,0.0,0.00983040365376242,-0.9536082474226804,0.00473693503089323,-0.08343350655595216,0.03774113868000395,-0.05557549938369388,0.11216760676873494,0.1415929203539823,0.2760589374875175,0.1996833333333333,10014,-0.005916801344608369,Sell
101,2024-05-07,148.134323,-0.08175326507588121,-0.030549755962928415,1,1,0,0,0,1,1,0,0,1,0.0013434298354362273,0.08270956356478654,0.0008234316395463459,0.14381239106322297,-0.01927353595255743,-0.00275678270582147,1.7777777777777777,-0.0012742863936944238,0.1016380322091408,-0.017212915315963917,0.16251598206287565,-0.06774380524561663,-0.0852713178294574,0.1662795113767431,0.3999681159420289,9537,0.02485044201793629,Sell
102,2024-05-08,142.294739,-0.06897609188776788,-0.039420870745802805,1,0,0,0,0,1,1,0,0,1,-5.8355338323767825e-06,-0.03655817988961585,0.00442669857650646,-0.1900368492505472,-0.017384731670445963,-0.0006910215246459517,-0.84,0.007782610657665501,0.08503234196090892,-0.0015681029930416646,-0.2552258872918677,-0.017020284448589384,-0.03389830508474578,-0.0292366349206349,0.3470684647302904,3150,-0.028580996697599614,Buy
103,2024-05-09,152.849945,-0.10085923948107378,0.07417846980273812,1,1,1,0,0,1,1,0,0,1,0.005090947650312039,-0.029861273782566866,0.008484426970778225,0.03738797290825757,-0.02384615384615385,0.007996196065167993,0.25,0.0034182049226030298,-0.23276757003114368,-0.01841570748078658,0.16054230461038732,-0.03146742567994942,0.00877192982456143,0.3262028491620111,0.4260216,3580,-0.03849388498305972,Sell
104,2024-05-10,146.216904,0.09855284260809771,-0.04339576962229197,1,1,0,0,0,1,1,0,0,1,0.0016493989105166307,-0.02936923353463705,0.003175558080510621,-0.045471032413361034,-0.011032308904649235,0.01509367073488277,24.2,-0.01261670419841776,0.031010736601249755,0.012744047398919545,-0.11292733318695392,-0.14318367346938776,0.017391304347825987,0.0565924649814844,0.1461676595744681,6211,0.04504849503276809,Sell
105,2024-05-11,145.314377,-0.49678168069181194,-0.0061725216121385484,0,1,0,0,0,1,1,0,0,0,0.0,0.0,0.0,0.0,0.0,0.0,0.0,0.0,0.0,0.0,0.0,-0.15129573170731703,-0.11111111111111116,0.2082773988292186,0.3237221719457013,7858,0.14246132572847703,Sell
106,2024-05-12,143.520813,-0.24688304919880277,-0.012342646591672057,0,0,0,0,0,1,0,0,0,0,0.0,0.0,0.0,0.0,0.0,0.0,0.0,0.0,0.0,0.0,0.0,0.08576560395150423,-0.04807692307692313,0.5001294672221005,0.3574068493150684,4561,0.0003454970884504416,Buy
107,2024-05-13,147.282333,1.7290297092964257,0.02620888163447055,1,1,1,0,0,1,1,0,0,1,-0.00024130407329769898,0.17629287708339092,-0.002058270813261931,0.11707199115655653,0.08366533864541825,-0.01317955069243526,-0.8888888888888888,0.010989023486096983,0.023231579583808948,0.005796791334849116,-0.1361216730038023,0.153225806451613,0.1717171717171717,0.4704421236001659,0.3627757352941176,12055,-0.01576871107423894,Sell
108,2024-05-14,142.030396,0.011700961368079854,-0.03565897479367064,0,0,0,0,0,0,0,0,0,0,0.0048378131575987915,0.11933848875980746,0.0032105706953913238,-0.007762006370411578,-0.013235294117647012,0.007405420690154152,-0.5714285714285714,-0.013903007561817171,0.06850514944334574,0.01058641111989278,0.023567384700359018,0.009592971131432648,0.0,0.0714289634146341,0.262794684385382,10824,0.004530698424136892,Buy
109,2024-05-15,158.186829,0.3864984278105732,0.11375334755808186,1,1,1,1,0,1,1,0,0,1,0.01171592777489705,-0.08455195462236387,0.008844978451399976,0.2815246524964159,-0.07228017883755589,0.014999596528410208,3.833333333333333,0.007818508375487365,0.04507660778764522,0.03583775441664194,0.40885375387427625,0.08569398810052387,0.06896551724137923,0.1733773942978197,0.2643262068965517,11329,-0.030672314067371476,Buy
110,2024-05-16,159.116455,-0.024386407331191018,0.005876759815445887,1,1,0,1,0,1,1,0,0,0,-0.0020816676627457564,-0.12459611861099196,-0.0009677531823193419,-0.02585179600671228,-0.002409638554216831,-0.0036421280104091958,-0.7586206896551724,0.007630751912657274,-0.28322236644286525,-0.0028637430898365013,-0.22450357283924016,-0.008506461639129714,0.06451612903225801,-0.0742435675851948,0.2369093645484949,36798,0.07151535158491829,Buy
111,2024-05-17,169.530548,-0.03627994263961598,0.06544950363556046,1,1,1,1,0,1,1,0,0,1,0.001164773533792518,-0.06269859357113483,0.0033662660839646197,-0.2503994407829039,-0.0346215780998389,0.013529391176470673,29.428571428571427,0.010475766358357896,-0.5911358928594692,-0.01992396040733846,0.11032189954067273,-0.020706154099983554,0.0,0.2925098569671866,0.1848712609970674,15451,0.0027705562371966863,Buy
112,2024-05-18,172.539139,-0.26449245244882424,0.017746601043252763,1,1,0,0,0,1,1,0,0,0,0.0,0.0,0.0,0.0,0.0,0.0,0.0,0.0,0.0,0.0,0.0,-0.11439642827057539,-0.05303030303030298,-0.0070580511153255,0.2485222222222222,11073,0.03885648629593885,Sell
113,2024-05-19,170.091354,-0.07242015546256597,-0.014186839080030489,1,1,0,1,0,1,1,0,0,0,0.0,0.0,0.0,0.0,0.0,0.0,0.0,0.0,0.0,0.0,0.0,0.00047560163606963357,-0.05600000000000005,0.1602477998924152,0.3566967741935484,9295,0.012534529351944101,Buy
114,2024-05-20,186.520493,1.0159576170407614,0.0965900888765927,1,1,1,1,0,1,1,0,0,1,0.0009163898842925455,-0.04416285647211382,-0.004920066268240819,-0.09271964297608737,0.01334445371142623,0.008995917187961222,-0.812206572769953,-0.0032475019547213435,-0.09643979947319226,0.02488135792477686,-0.11378377551843111,0.20983076630538133,0.3305084745762712,0.0312081155269125,0.33726,8379,-0.009414494982707633,Sell
115,2024-05-21,178.11615,-0.01476224698257611,-0.045058550215176574,1,1,0,0,0,1,1,0,0,1,0.0025018741614692974,0.07079909944153684,0.0016635047450517249,0.15307246164011445,-0.023868312757201693,-0.005012511397849639,-0.85,-0.0067669295701655585,3.3689110400601843,0.006393785676237496,0.03194212646346517,0.14994106090373283,0.31847133757961776,0.2604220709349005,0.3088764018691589,24163,0.0749242575958764,Sell
116,2024-05-22,176.860779,-0.16081195810792337,-0.007048047018757164,1,1,0,0,0,1,1,0,0,0,-0.002706122921903198,0.05048549521604273,-0.005064812714231204,-0.17728893416528713,0.036256323777402955,-0.013420324836931008,29.0,-0.021322255328734552,-0.1547789448761273,-0.004570953712893955,0.667896858450931,-0.08180140777694256,-0.15458937198067635,0.3986841920374707,0.2801221945137157,11102,-0.012989576536850289,Sell
117,2024-05-23,175.985779,0.33478905673051496,-0.004947394243921099,1,1,0,0,0,1,1,0,0,1,-0.007380789508047769,0.005819922903567143,-0.015270014557420164,0.2987656231861626,0.039056143205858485,-0.02268539766933897,1.0277777777777777,-0.009024068583215139,0.05133934966337206,0.0931964958355922,0.5220414546302912,-0.022700208395355803,0.24571428571428577,0.1394920224964508,0.3554231770833333,18314,0.0030244450296719183,Sell
118,2024-05-24,167.796921,-0.21569298875463983,-0.04653136205965824,0,1,0,0,0,1,0,0,0,1,0.007001042570040639,-0.22328609233186547,0.00011079216699316774,-0.2557204147300679,-0.06577916992952226,-0.0010706638115631772,-0.9315068493150684,0.01105760331504091,-0.09446124872453998,0.02572277090442987,-0.48567596534401514,-0.029700708247658247,-0.1834862385321101,0.0228343713775494,0.2836535564853556,31919,-0.00960172122645564,Buy
119,2024-05-25,168.437637,-0.5327756845193002,0.0038184014115492104,0,1,0,0,0,1,0,0,0,0,0.0,0.0,0.0,0.0,0.0,0.0,0.0,0.0,0.0,0.0,0.0,-0.1212620673416529,-0.2584269662921348,0.3253976081698468,0.1963743455497382,3721,-0.0825197958436309,Sell
120,2024-05-26,163.350906,0.3565879270672354,-0.030199491578001614,0,1,0,0,0,1,0,0,0,0,0.0,0.0,0.0,0.0,0.0,0.0,0.0,0.0,0.0,0.0,0.0,0.08779921400500168,0.037878787878787845,0.4042242424242424,0.442168085106383,7260,0.010395035294040289,Buy
121,2024-05-27,169.99614,0.07923285261156798,0.04068072937409961,0,1,1,0,0,0,0,0,0,0,0.0,0.0,0.0,0.0,0.0,0.0,0.0,0.0,0.0,0.0,0.0,0.07512932096231228,0.15328467153284664,0.0693613670963158,0.2610111510791367,19706,0.04655642952609629,Sell
122,2024-05-28,168.650848,0.2173940937473795,-0.007913662039620406,0,1,0,0,0,0,0,0,0,0,0.0002488018116899582,0.24822076785637037,-0.005547293172653678,0.21428285496977706,0.08298407376362116,0.009732026152197149,0.040000000000000036,0.0271487515806903,0.11702415781994491,0.0698043454939119,0.5197604623114642,0.11394531846647316,-0.03164556962025311,0.3952152029826015,0.4734616246498599,19312,-0.12161949413574857,Sell
123,2024-05-29,168.072678,-0.14654257829623973,-0.003428206895230046,0,1,0,1,0,0,0,0,0,0,-0.007367046556883361,-0.05298890588931482,-0.010586616239232849,-0.03646073712665654,0.10526315789473673,-0.006326385152001124,4588.115384615385,-0.00751595872439037,-0.22294461706089075,0.008112272867558001,-0.14598117439423464,0.08638420403126279,-0.0326797385620915,0.1758304213771839,0.345432911392405,5838,0.009233256363706088,Sell
124,2024-05-30,166.976532,0.027982696228247672,-0.006521857169432432,0,1,0,0,0,0,0,0,0,0,-0.005975035615464086,0.07487157835479552,-0.00858598802350441,0.2320035582318325,0.013305322128851715,0.001110905843509702,-0.7268871996446441,-0.016660342673469275,0.4398599351294714,-0.037665988356176405,-0.12573864186767414,-0.08620472043417893,-0.08783783783783783,0.1490558547502165,0.2293629080118694,13852,-0.01801976642142622,Sell
125,2024-05-31,165.637711,-0.17610527410192667,-0.008018018963287576,0,1,0,0,0,0,0,0,0,0,0.008027876366743403,0.4238062193126022,0.015083115033213357,0.7167930239662306,-0.10711817553559089,-0.0085364295687268,-0.9711234541381533,-0.011808573389368582,-0.07667364940245436,-0.0078461266968326,0.25836257309941524,-0.26305248618784527,-0.06666666666666665,0.2360740673750848,0.36534477124183,13269,-0.02001045772914356,Buy
126,2024-06-01,166.03067,-0.561711565345727,0.0023724005700609396,0,1,1,1,0,0,0,0,0,0,0.0,0.0,0.0,0.0,0.0,0.0,0.0,0.0,0.0,0.0,0.0,-0.1473151532190048,-0.07936507936507942,0.1827665522174535,0.143588085106383,10485,-0.002070768813662749,Sell
127,2024-06-02,163.249908,0.47541164453548324,-0.016748483879514442,0,1,0,0,0,0,0,0,0,0,0.0,0.0,0.0,0.0,0.0,0.0,0.0,0.0,0.0,0.0,0.0,0.040773711396856704,0.02586206896551735,0.1824074713323087,0.325546,8459,0.0022221951640160054,Buy
128,2024-06-03,164.923462,0.3969985647305674,0.010251485103440316,0,1,1,1,1,0,0,0,0,0,0.0011160824444034212,-0.25569230995593284,-0.0029800989617835283,-0.4920575865415723,0.014705882352941124,0.010202848594377256,-0.1700318809776833,-0.035978660500809556,0.28439673157162737,0.04895420952758167,-0.2851484599592671,0.15258711721224927,0.1428571428571428,0.3038948547624409,0.313327027027027,8882,-0.013959632209196826,Buy
129,2024-06-04,171.801926,-0.057241645515908934,0.04170700709641917,1,1,1,1,0,1,1,0,0,0,0.0015028092037845386,-0.0837723503306218,0.0036363511281538585,-0.0304448902901181,0.0038138825324181003,-0.008991774106710149,0.13956466069142115,-0.013069266867835161,-0.07794328977081744,0.012495617391304226,-0.0799923356265625,0.052771415483279904,-0.03676470588235292,0.1167768625460083,0.3462206976744186,15758,0.009340563486568643,Buy
130,2024-06-05,173.48291,0.16930172266223664,0.009784430472566275,1,1,1,1,0,1,1,0,0,0,0.011847649715994946,-0.03140322015156827,0.0024809058113179905,0.02141566759730651,-0.04027355623100304,0.012298472586540488,-0.6685393258426966,0.011194539249146596,-0.24716126648740833,0.05155583024488197,0.3101179200841011,-0.001479418675485178,0.12213740458015265,0.0940357433808554,0.2322128289473684,11784,0.017936012369420773,Sell
131,2024-06-06,170.01622,-0.18307594185206055,-0.01998289053371305,1,1,0,1,0,0,0,0,0,0,-0.00019981659478196523,0.005159461611712324,0.002031671692161785,-0.13496478760009,-0.003958828186856778,0.00688158970545194,-0.39322033898305087,0.01998113946267055,-0.05401022421116608,-0.011777204969336763,0.2579361925200889,-0.06257625936900824,-0.04761904761904767,0.5005418768250598,0.4306023255813953,7534,0.007337442257695503,Sell
132,2024-06-07,162.50705,0.6782616370700303,-0.04416737414818428,0,0,0,0,0,0,0,1,0,1,-0.0011152198117477807,0.022928041351915063,-0.002242020486877827,-0.011710037174721188,-0.02861685214626386,-0.02746491864077072,0.5027932960893855,-0.00026477828200743847,-0.037202575219353995,-0.0009091141927212165,-0.379587059347431,-0.008367422833767235,0.04285714285714293,0.1341129468393855,0.2873573170731707,14127,-0.02203396081869602,Sell
133,2024-06-08,157.968903,-0.47787679628538504,-0.027925846909410912,0,0,0,0,0,0,0,1,0,0,0.0,0.0,0.0,0.0,0.0,0.0,0.0,0.0,0.0,0.0,0.0,-0.09534970935683484,-0.11643835616438358,0.0991375957231614,0.2841466165413533,6921,-0.05086570366362031,Buy
134,2024-06-09,162.083603,-0.14304623678895767,0.026047531646149258,0,0,1,0,0,0,0,1,0,0,0.0,0.0,0.0,0.0,0.0,0.0,0.0,0.0,0.0,0.0,0.0,-0.019276608975023368,-0.09302325581395354,0.1049275866969869,0.3307230158730159,7036,-0.01726238804688074,Sell
135,2024-06-10,158.928024,0.23002124583928474,-0.019468835474986457,0,0,0,0,0,0,0,1,0,0,0.002580854723139625,-0.019085995298909197,0.0017797057361368385,0.24348316719954854,0.042553191489361764,0.0010845046213521226,-0.7434944237918215,0.029259883877398085,0.1312314230356142,0.007461460194560177,-0.23818291600587804,0.10387826270738665,0.02564102564102555,0.2851385508047248,0.4175981203007519,14477,0.009864664722143646,Sell
136,2024-06-11,149.428986,0.5493566878489053,-0.05976943374064714,0,0,0,1,0,0,0,1,1,1,0.002710381286022079,-0.014976754972006567,-0.0031032486049654695,0.1588420352108415,0.008634222919937207,-8.664514635592369e-05,11.623188405797102,0.0020581940328838755,-0.006803751052736118,-0.007225527488089911,-0.29160527331857033,0.01828451081753779,0.17500000000000004,0.1310676920649944,0.3433329710144928,6339,-0.017744633914898444,Buy
137,2024-06-12,155.177567,0.01459474771001057,0.038470320611022624,0,0,1,0,0,0,0,1,0,1,0.008503672803971796,0.1106520965350628,-0.0009087298017812495,0.23281735362447464,-0.06303501945525292,0.012351029252437806,-0.8484500574052813,0.00770215641329508,0.023536398686458737,0.035480877165465996,0.34618460830586395,0.02021246592084225,-0.049645390070921946,0.1619885182096191,0.3759627551020408,7194,-0.03936369220213576,Sell
138,2024-06-13,147.314423,-0.26933338810681706,-0.0506719118749942,0,0,0,0,0,0,0,1,1,1,0.0023446558133972673,-0.10912880661343882,-0.0016818821096081793,-0.2772719573134581,-0.00830564784053156,-0.015325363441780815,1.2575757575757578,0.0015287006369426592,-0.04544735249856491,0.03522367496542356,-0.1298102438291694,-0.027828971618134912,-0.052238805970149294,0.1838290685066535,0.3464864341085271,10145,0.04547403724401078,Sell
139,2024-06-14,143.094437,0.1176737345666432,-0.028646115662415483,0,0,1,0,0,0,0,1,1,1,-0.00039386056525281266,-0.02598303865306284,-0.0014992432719836968,-0.20253127471947974,0.06030150753768848,0.013564016896199016,2.1812080536912752,-0.0021623759032418643,-0.20092121259402285,0.01751411143033632,0.1864789445521653,-0.03308056872037912,-0.03149606299212604,0.1079608093182046,0.326363973063973,9959,-0.055399294385999664,Buy
140,2024-06-15,145.412216,-0.5428825847256967,0.01619754791725403,0,0,1,0,0,0,0,1,0,0,0.0,0.0,0.0,0.0,0.0,0.0,0.0,0.0,0.0,0.0,0.0,3.91500833251642,-0.07317073170731703,0.2286757390202702,0.351149815498155,4736,-0.02449168156160464,Buy
141,2024-06-16,151.125504,0.0776351252908094,0.03929028906347187,0,0,1,1,0,0,1,1,0,0,0.0,0.0,0.0,0.0,0.0,0.0,0.0,0.0,0.0,0.0,0.0,-0.35621684151741195,-0.052631578947368474,0.0882152816183961,0.2369682352941176,6871,0.011354176372825098,Sell
142,2024-06-17,143.334274,0.9553789856043096,-0.05155469986058747,0,0,0,1,0,0,0,1,0,1,0.007664386414480084,0.002672560452503081,0.004896230087314324,0.2718221895664952,0.007109004739336511,-0.008149610019156595,-0.8839662447257384,0.023964373128019245,-0.4844626505632009,-0.0068244537903984215,-0.06729591711377592,-0.595018278703761,0.14814814814814814,0.1858749949869661,0.2152782758620689,4987,0.028861194199915285,Sell
143,2024-06-18,137.503998,0.8026397064231918,-0.040676077237465136,0,0,1,1,1,0,0,1,0,1,0.0025213274520576867,0.027985637384565498,0.001463656283116288,-0.06334671712065632,-0.03529411764705881,0.007784120724288135,-0.6090909090909091,0.01543629987709938,0.11027909068671926,0.035119912509388174,0.020210090383370183,-0.17480110159118722,0.10483870967741926,0.2484426383614517,0.3014107438016529,16063,-0.040672574937271055,Sell
144,2024-06-19,135.609604,-0.44609169685210415,-0.013777010323728911,0,0,0,0,1,0,0,1,0,0,0.0,0.0,0.0,0.0,0.0,0.0,0.0,0.0,0.0,0.0,0.0,0.013998331324742708,-0.12408759124087587,0.0508911142349807,0.2973588447653429,13516,-0.04752097432535807,Sell
145,2024-06-20,133.472961,0.04574900239351609,-0.01575583835492944,0,0,0,0,1,0,0,1,0,0,-0.002525931796085512,0.08541247570062604,0.007722503668780245,0.22435699747116522,0.0796747967479674,0.010041258146259446,3.2558139534883717,0.007355620939070828,1.9884300222444904,-0.03540347344145933,0.7591119781500746,0.007771073322362376,0.008333333333333304,0.3111966026410564,0.264812955465587,8330,0.012349417409739605,Buy
146,2024-06-21,134.588303,-0.05513639248955193,0.008356314205091975,0,0,1,0,1,0,0,1,0,0,-0.0015621303781622187,0.7607731618430698,0.0003977641696599754,1.06208911614317,-0.0060240963855421326,-0.01588926256327039,-0.5846994535519126,-0.01752458360775433,-0.30915412402883236,-0.032191459184825466,0.2659805040245793,-0.05152862197223984,-0.024793388429752095,0.2115541712349247,0.2482746268656716,10033,0.005567677830749629,Sell
147,2024-06-22,133.670242,-0.5717739859212332,-0.006821253998573695,0,0,1,1,0,0,0,1,0,0,0.0,0.0,0.0,0.0,0.0,0.0,0.0,0.0,0.0,0.0,0.0,-0.08780487804878045,-0.11864406779661019,0.3974116228335959,0.4195063973063973,8251,-0.003566589239978657,Sell
148,2024-06-23,128.590424,0.12180333949941646,-0.03800260943643674,0,0,0,0,1,0,0,1,0,0,0.0,0.0,0.0,0.0,0.0,0.0,0.0,0.0,0.0,0.0,0.0,0.02558456537695286,0.019230769230769162,0.2230407168983175,0.3106758771929825,6835,0.005087455057248613,Buy
149,2024-06-24,132.241394,2.214954253323873,0.02839223860090856,0,0,1,1,1,0,0,1,0,0,-0.0030651718950951423,-0.45425758067849653,0.006663617535134003,-0.5432347588161286,0.009848484848484995,0.005871221971757823,0.30263157894736836,0.011148197281746652,-0.06456110154905337,-0.06684047562613571,-0.2737269077371295,0.18229219916163997,0.2735849056603774,-0.0129279218749999,0.2511456790123457,12800,-0.02208428275170149,Buy
150,2024-06-25,136.559204,-0.26401181126791773,0.03265097160122177,0,0,1,1,0,0,1,0,0,1,0.003933590107651153,-0.028346520592412272,-0.007587962279830829,-0.0934107076001498,-0.03675918979744941,-0.00575103090128759,0.06060606060606055,-0.009800257618532204,0.052597103902555675,0.06756409222280846,-0.10560287559847914,-0.017727429955032847,-0.0888888888888889,0.2564351508295626,0.3368050632911392,13260,0.007497445768160471,Buy
151,2024-06-26,136.609146,-0.33659949745990014,0.00036571683590080895,1,0,1,1,0,0,1,0,0,0,0.0015724310801426,-0.007806323010278504,0.0003998916177889722,-0.017433114067431643,-0.02258566978193144,-0.007511070648327234,8.39047619047619,0.0008660150719779214,0.07821338423566093,0.002458609008124668,-0.14751865660687546,-0.0804648296504974,-0.08130081300813008,0.1673711611541168,0.352743448275862,7105,0.046495186208057815,Buy
152,2024-06-27,149.44838,0.6955607636828245,0.09398517138815854,1,0,1,1,0,1,1,0,0,1,0.0009073212524721708,0.007185907652248025,0.0009266509304455273,0.0147403182227559,-0.024701195219123506,0.011003848964504348,0.5537525354969575,0.010383139421924925,-0.00670535974838693,-0.019066487040087288,-0.3041639954608557,-0.03331737673528001,0.07964601769911495,0.0164621023161109,0.3061089928057554,7858,-0.010386723334835146,Sell
153,2024-06-28,139.7034,-0.15382581535060647,-0.06520632742890886,1,0,0,1,0,1,1,0,0,1,-0.004083652634881529,1.0056163341718833,-0.0011540994631983326,1.0106801573917932,0.016339869281045694,0.0013766190578619053,-0.9399477806788512,-0.0024467458391667085,-0.15045276194579915,-0.0036293008086022427,0.24921636113626344,-0.10270377339803904,-0.05737704918032782,0.0601675684592543,0.2398020648967551,9093,0.28166861233673113,Buy
154,2024-06-29,140.010147,-0.5246107809744037,0.0021957017509952603,1,0,1,1,0,1,1,0,0,0,0.0,0.0,0.0,0.0,0.0,0.0,0.0,0.0,0.0,0.0,0.0,-0.08565121412803534,-0.15652173913043477,-0.0733311484075591,0.2970875471698113,7567,-0.04508814257682647,Buy
155,2024-06-30,146.492493,0.3764273888652694,0.04629911573480472,1,0,1,0,0,1,1,0,0,1,0.0,0.0,0.0,0.0,0.0,0.0,0.0,0.0,0.0,0.0,0.0,0.061323032351521034,0.05154639175257736,0.0360987469208525,0.3396907335907336,9337,0.0038925679650090306,Buy
156,2024-07-01,146.595062,0.15742482580104,0.0007001655709417687,1,0,1,1,0,1,1,0,0,0,0.002675564062776692,-0.5153975013959846,0.0012950315221198494,-0.4905904683430691,-0.01768488745980701,-4.289771108911822e-05,1.5760869565217392,0.022565562637165026,0.3286353226872416,0.00615186978993143,-0.09708265838226626,0.08484986351228385,0.10784313725490202,0.3107933965458855,0.355849765258216,5906,0.02414529453518166,Buy
157,2024-07-02,153.700485,0.11578726557919539,0.048469729491979585,1,1,1,1,0,1,1,0,0,1,0.006195317879061246,-0.0455204714569073,0.004144345755161094,-0.08327315790993906,-0.0155482815057284,-0.001976326605224177,-0.8734177215189873,-0.006836159996503888,0.06364451385273884,-0.013113475146094733,-0.23346748079491586,0.026525477039211598,0.026548672566371723,0.1747227288548555,0.3238018248175182,8619,0.023084795371510314,Sell
158,2024-07-03,140.731415,0.3894983163038017,-0.08437884890213576,0,0,0,0,0,1,0,0,0,1,0.005084444426450396,-0.3454946770972537,-0.0006064185145667755,-0.36331841956014876,0.004987531172069959,0.015841605251829538,0.9666666666666666,0.012921133025507459,-0.21235660858050986,0.04573246182004498,-0.012020661800397514,0.021550403431723097,0.0,0.1304555127958437,0.3675772277227723,5197,0.024997004252546473,Sell
159,2024-07-04,127.550819,0.1529820714626724,-0.09365780909685295,0,0,0,0,0,0,0,0,0,1,0.0,0.0,0.0,0.0,0.0,0.0,0.0,0.0,0.0,0.0,0.0,-0.008298340331933662,0.11206896551724133,0.0962085896984039,0.211241743119266,19861,-0.06446234553547636,Buy
160,2024-07-05,134.369339,0.4316556131655609,0.053457281211185315,0,0,1,0,0,0,0,0,0,1,0.005448765019997026,0.4926014122699556,0.001726648366744632,0.6094917602810908,0.032258064516129004,0.01216202661414556,0.22033898305084754,-0.008583607841569196,0.24741356991214603,-0.019098823036317714,-0.007287635168645057,0.06532916624659735,0.13178294573643412,-0.0559201726805409,0.2912124497991967,20037,-0.04667075494611728,Buy
161,2024-07-06,143.24118,-0.5524290101235046,0.06602578434950868,1,0,1,1,0,1,1,0,0,1,0.0,0.0,0.0,0.0,0.0,0.0,0.0,0.0,0.0,0.0,0.0,-0.1708148007949276,-0.18493150684931503,0.3655891170609133,0.205015934065934,11541,0.0017913152040698321,Sell
162,2024-07-07,131.774094,-0.11355144276939932,-0.08005439497217226,0,0,0,1,0,0,0,0,0,1,0.0,0.0,0.0,0.0,0.0,0.0,0.0,0.0,0.0,0.0,0.0,0.03926044282127372,-0.0672268907563025,0.2331816571541035,0.2343918918918919,5081,0.044067475803825085,Buy
163,2024-07-08,139.463699,1.004002315586963,0.05835445167242059,0,0,1,1,0,0,1,0,0,1,0.0010166990995430503,-0.020721900475856758,-0.0007893674510921489,0.10174338160686291,-0.008814102564102644,-0.013941824994766594,-0.11111111111111116,-0.009980783550707972,-0.30325412265432794,0.018834895989273015,0.10972528757796707,0.0,0.11711711711711703,0.4687804141501294,0.2712064516129032,1159,-0.046598838979767354,Sell
