,Date,High,Low,Close,Volume,Returns,MA_td,3MA_td,%K_td,%D_td,RSI_td,Momentum_td,MACD_td,CCI_td,BB_td,ATR_td,SNP_Returns,SNP_Volume,Dow_Returns,Dow_Volume,Vix_Returns,Gold_Returns,Gold_Volume,Oil_Returns,Oil_Volume,NVDA_Returns,NVDA_Volume,Total_WP,Total_Gtrends,date,weighted_mean_sentiment,unweighted_mean_sentiment,ups,TVL,Indicator
0,2024-02-03,43359.941406,42890.808594,42992.25,-0.3996269903704599,-0.0044831659668692625,1,1,0,1,0,1,1,0,0,0,0.0,0.0,0.0,0.0,0.0,0.0,0.0,0.0,0.0,0.0,0.0,-0.009118293576487857,-0.125,2024-02-03,-0.4206721554770318,-0.246525,1415,-0.002534806481308105,Sell
1,2024-02-04,43097.644531,42374.832031,42583.582031,0.32526640585260047,-0.009505619477929161,0,0,0,0,0,1,1,0,0,0,0.0,0.0,0.0,0.0,0.0,0.0,0.0,0.0,0.0,0.0,0.0,0.07353545312628373,0.010204081632652962,2024-02-04,0.3172893328161365,0.3248424242424242,2578,-0.008992811900969677,Buy
2,2024-02-05,43494.25,42264.816406,42658.667969,0.2643698293640844,0.0017632602617916326,0,0,0,0,0,1,1,0,0,1,-0.0031863373882050627,0.012402028004579346,-0.007096232919665102,-0.1513324204760902,-0.012996389891696714,-0.0051078164739392085,-0.5360360360360361,0.006917542984470781,-0.24996365719758518,0.047944329023922094,0.42700250536113704,0.06053880300015302,0.101010101010101,2024-02-05,0.0553006821088532,0.16607191011235956,7037,-0.01053852978015224,Buy
3,2024-02-06,43344.148438,42529.019531,43084.671875,-0.10242910368989988,0.009986338680560092,1,1,1,0,0,1,1,0,0,0,0.0023104106497489063,0.10369714984441947,0.0036799852885840423,-0.14319401781004681,-0.044623262618873394,0.004344201615671617,-0.3956310679611651,0.007282206750236275,-0.11369187927363522,-0.015995514106105335,0.004459782554353975,0.22190950422169298,0.07339449541284404,2024-02-06,-0.0936158693323813,0.20416421052631578,11204,-0.002254649664636732,Buy
4,2024-02-07,44341.949219,42775.957031,44318.222656,0.257649018991176,0.028630850075378467,1,1,1,1,0,1,1,0,0,1,0.008241458140786584,0.10239186827835933,0.004049701322358823,0.09440863330194826,-0.01761102603369069,0.0003440407962644887,-0.714859437751004,0.007502428249964055,-0.051454390506665004,0.027498043181918286,-0.27453225024922745,-0.1807228915662651,-0.05128205128205132,2024-02-07,0.11574420653718617,0.28674431818181817,10555,0.018551887102875364,Buy
5,2024-02-08,45575.839844,44332.125,45301.566406,0.23799093154786566,0.022188248784992037,1,1,0,1,0,1,1,0,0,1,0.0005705831293989494,-0.11310791957659849,0.0012660830726631822,0.04400913272227913,-0.003117692907248726,-0.0014740566392633658,3.802816901408451,0.031952341836551046,0.2812327304165043,-0.0065336168352420065,-0.1637552338193008,0.07864763552479825,0.10810810810810811,2024-02-08,0.2323348907563025,0.24991368421052634,2975,0.00899996673489345,Buy
6,2024-02-09,48152.496094,45260.824219,47147.199219,0.503249331692676,0.04074103743917257,1,1,0,1,0,1,1,0,0,1,0.005742341519594074,-0.09877563993311622,-0.0014108417101577064,-0.0492535894266426,0.01094605160281481,-0.004379442089653018,-0.8181818181818181,0.008134282233871915,-0.1992400226511355,0.03578357628097795,0.0536047796690331,-0.079195348526365,0.08130081300813008,2024-02-09,0.05218626117372717,0.0876076923076923,10292,0.021770730701346386,Buy
7,2024-02-10,48146.171875,46905.320313,47771.277344,-0.5829087379768232,0.01323680166240937,1,1,1,0,0,1,1,0,0,0,0.0,0.0,0.0,0.0,0.0,0.0,0.0,0.0,0.0,0.0,0.0,-0.1325301204819277,-0.09774436090225569,2024-02-10,0.2557603056554429,0.24554180327868852,12236,0.04704121568173836,Buy
8,2024-02-11,48535.9375,47617.40625,48293.917969,0.17789146972258707,0.010940478338824278,1,1,1,1,0,1,1,0,0,0,0.0,0.0,0.0,0.0,0.0,0.0,0.0,0.0,0.0,0.0,0.0,0.002844712182061615,0.04166666666666674,2024-02-11,-0.07147541889483067,0.21540516129032258,5610,0.0108469450182469,Buy
9,2024-02-12,50280.476563,47745.761719,49958.222656,0.7867168769595745,0.03446199349715884,1,1,0,1,0,1,1,0,0,1,-0.0009489534954981727,-0.02740870791900818,0.003250116439967643,-0.08984231756508987,0.07733952049497295,-0.0025206829815086484,4.112903225806452,0.0010411504966763019,-0.1788957476901114,0.0015942494450147393,0.4055382388574491,0.24144835641581852,0.1200000000000001,2024-02-12,0.2556830689029918,0.20058076923076923,13236,0.016206082610735084,Sell
10,2024-02-13,50358.390625,48406.496094,49742.441406,0.03132435406957601,-0.004319233922427834,1,1,0,0,0,1,1,0,0,1,-0.013674255677835978,0.1304476921702482,-0.013522277040185937,0.16617830195590066,0.13783201722900218,-0.01253588723330612,-0.3753943217665615,0.012350559343488055,0.3609926109563901,-0.0016609871323636227,-0.01813560150559712,0.23064516129032264,0.1071428571428572,2024-02-13,0.24566165880840118,0.2884545454545454,4666,0.026512115704784955,Buy
11,2024-02-14,52021.371094,49296.832031,51826.695313,0.098686581709859,0.04190091696521736,1,1,1,1,0,1,1,0,0,1,0.009579763211684966,-0.10612966884307762,0.003958940264287225,-0.1375043186029712,-0.0927444794952681,-0.0013046188813734538,8.676767676767676,-0.01579560745618558,-0.1243235730718506,0.02456749180810469,-0.1620747452620399,-0.0821319353429445,0.09677419354838701,2024-02-14,0.21366528264393664,0.2263150684931507,19123,-0.00408915382166497,Buy
12,2024-02-15,52820.066406,51371.628906,51938.554688,-0.013840662349706156,0.0021583350882097285,1,1,0,0,0,1,1,0,0,0,0.005821250628704755,0.07602714790929888,0.009078938058108221,0.10644186300571712,-0.025730180806675995,0.0059287176352775806,-0.8507306889352818,0.018136743451679926,-0.5865613529147573,-0.0168065624680227,-0.16793849286120288,0.048191337458353134,-0.04117647058823526,2024-02-15,0.27358781473863397,0.3011288590604027,14099,0.053627976478721084,Buy
13,2024-02-16,52537.96875,51641.367188,52160.203125,-0.26925879468724656,0.004267512608532753,1,1,1,1,0,1,1,0,0,0,-0.004803469787855286,-0.07363513993576565,-0.0037431294903536028,-0.07118878357030012,0.016416845110635236,0.004695082220010027,-0.8881118881118881,0.014866115787083523,-0.0712150418191323,-0.0006193124206271827,0.1790075263851929,-0.1732319218980588,-0.09815950920245398,2024-02-16,-0.04721249999999999,0.14923203883495145,15552,-0.002310462797337598,Sell
14,2024-02-17,52191.914063,50669.667969,51662.996094,-0.28996848096027994,-0.009532306264384394,1,1,0,0,0,1,1,0,0,0,0.0,0.0,0.0,0.0,0.0,0.0,0.0,0.0,0.0,0.0,0.0,-0.15810792255938488,-0.1496598639455783,2024-02-17,0.3201099750352763,0.3042666666666667,9213,0.004563275225210051,Buy
15,2024-02-18,52356.964844,51233.707031,52122.546875,-0.1206308519600523,0.008895163187281119,1,1,1,0,0,1,1,0,0,0,0.0,0.0,0.0,0.0,0.0,0.0,0.0,0.0,0.0,0.0,0.0,0.1736932235178994,0.02400000000000002,2024-02-18,0.22586273514481933,0.41084375,6698,-0.03195327948566751,Sell
16,2024-02-19,52483.324219,51711.820313,51779.144531,0.2140793555273821,-0.006588364625073839,1,1,0,0,0,1,0,0,0,0,0.0,0.0,0.0,0.0,0.0,0.0,0.0,0.0,0.0,0.0,0.0,0.13916487181268677,0.1640625,2024-02-19,0.05075906465966109,0.2579830188679245,10563,0.007104132290558063,Buy
17,2024-02-20,52945.050781,50792.3125,52284.875,0.5613458678089436,0.009767068837864379,1,1,1,1,0,1,1,0,0,1,-0.006005321882809889,0.05259478200074619,-0.0016616837390822647,0.19056730803302502,0.0828651685393258,0.007954262987819982,40.4375,-0.012754160556783467,2.827486742940561,-0.04353209540346903,0.4229650311814215,0.07983654549890207,-0.020134228187919434,2024-02-20,0.025981817071681547,0.24652456140350876,8189,-0.004668037014372128,Sell
18,2024-02-21,52368.816406,50671.757813,51839.179688,-0.14177866253345917,-0.008524364111035965,1,1,0,0,0,1,0,0,0,1,0.0012641999103253365,-0.06108979697041794,0.0012560354275004126,-0.16810024107860355,-0.005188067444876765,-0.002564710727496977,-0.9886877828054299,-0.0034535175236634075,-0.257313864923547,-0.02850894019572059,-0.020621906182031746,-0.07342558599265747,-0.04109589041095896,2024-02-21,0.3556645453840787,0.32613310344827584,12901,-0.014751827177903132,Sell
19,2024-02-22,52009.613281,50926.292969,51304.972656,-0.11217526075303907,-0.010305082665566512,0,1,0,0,0,1,0,0,0,0,0.021122884121996588,0.0695070993218756,0.011832287231709593,0.1614253515079962,-0.052151238591916615,-0.0012857132655886838,63.266666666666666,0.008984686998604108,0.02248463230448916,0.16400880365188542,0.25322686723704835,0.14355379457482464,-0.021428571428571463,2024-02-22,-0.10275019153674834,0.2349949494949495,11225,-0.006919062648340968,Sell
20,2024-02-23,51497.933594,50561.777344,50731.949219,-0.15687565643797186,-0.011168964865104214,0,1,0,0,0,1,0,0,0,0,0.00034794763836831777,-0.09352100717968459,0.0015977296641407346,-0.11619382065736372,-0.054332874828060485,0.009357838024723453,-0.9771784232365145,-0.02696861688120311,0.06936531613168695,0.0035524076611981314,-0.04128077678881059,-0.07185501066098077,-0.058394160583941646,2024-02-23,0.09089655703542629,0.22378666666666666,11037,-0.00401518021149716,Buy
21,2024-02-24,51684.195313,50585.445313,51571.101563,-0.2918270196340679,0.01654090483252557,0,1,1,0,0,0,0,0,0,0,0.0,0.0,0.0,0.0,0.0,0.0,0.0,0.0,0.0,0.0,0.0,-0.17263955892487937,-0.06201550387596899,2024-02-24,0.0338158875413451,0.12564545454545456,9070,-0.022202500686462123,Buy
22,2024-02-25,51950.027344,51306.171875,51733.238281,0.01576117955286005,0.0031439452151693636,1,1,1,0,0,0,0,0,0,0,0.0,0.0,0.0,0.0,0.0,0.0,0.0,0.0,0.0,0.0,0.0,0.09204498125780924,0.024793388429751984,2024-02-25,0.30208793297345926,0.28959999999999997,8892,0.011353888126964584,Buy
23,2024-02-26,54938.175781,50931.03125,54522.402344,1.210723609383642,0.05391435285473656,1,1,1,1,0,1,1,0,0,1,-0.0037867514420720783,0.0030331165136041616,-0.0015920864584106909,0.03492384371405666,-0.0007272727272726875,-0.0049543687427179295,5.5,0.014250281455099545,-0.22274691104779631,0.0034891203231648404,-0.39235556820209605,0.22546402237477747,0.25,2024-02-26,0.06204362233716139,0.2903818181818182,11407,0.00032417470732371,Buy
24,2024-02-27,57537.839844,54484.199219,57085.371094,0.46024037576539834,0.047007626953584625,1,1,1,1,0,1,1,0,0,1,0.0017063497734237654,0.06569614514933786,-0.0024781730235722277,-0.08106287677230328,-0.022561863173216956,0.002711363076164597,5.741258741258742,0.016628009367671837,-0.019926467911615897,-0.004943698290205134,-0.22276590214158298,0.27034597230146784,0.3354838709677419,2024-02-27,0.1780244903259317,0.14496111111111112,15402,0.06420668401240248,Buy
25,2024-02-28,63913.132813,56738.425781,62504.789063,0.6729191422022107,0.09493531994521098,1,1,0,1,0,1,1,0,0,1,-0.0016581550295902137,-0.034789031954049365,-0.00060018420483543,-0.001099464927068805,0.03052866716306779,-0.000491642084562427,-0.3973029045643154,-0.004184125617441525,0.22585018348214958,-0.013189083401180857,0.00358688298592047,0.2861459311583847,0.31400966183574885,2024-02-28,0.16292373393801965,0.13142456140350878,44982,0.04709694024919364,Sell
26,2024-02-29,63585.644531,60498.730469,61198.382813,-0.21315142544219112,-0.02090089846848764,1,1,0,0,0,1,1,0,0,1,0.0052290947152544565,0.37746907797338336,0.001216233285726176,0.9066994423246257,-0.03179190751445082,0.006246901623216949,0.21514629948364883,-0.003565049610834703,-0.036674009144263,0.018657506955499725,0.29045051003535916,-0.11394012508333595,-0.007352941176470562,2024-02-29,0.015647678293712507,0.227972,31507,0.05995874895868081,Buy
27,2024-03-01,63155.101563,60802.527344,62440.632813,-0.3864359194836521,0.0202987390009286,1,1,1,0,0,1,1,0,0,1,0.008007828831644304,-0.09035507515700014,0.0023332487838416682,-0.3630241105274298,-0.02164179104477615,0.020139781975289317,0.7138810198300283,0.02185022944415449,0.14304001711020042,0.04003184093437162,-0.05549893650364979,-0.2085274095306342,-0.19259259259259254,2024-03-01,0.060535315029534006,0.15275000000000002,18284,-0.012705540115731995,Sell
28,2024-03-02,62458.699219,61657.289063,62029.847656,-0.40555778930927655,-0.00657881156057849,1,1,0,0,0,1,1,0,0,0,0.0,0.0,0.0,0.0,0.0,0.0,0.0,0.0,0.0,0.0,0.0,-0.09601629696695335,-0.050458715596330306,2024-03-02,0.12344158217152512,0.29203333333333337,18936,0.014564269294868648,Buy
29,2024-03-03,63230.210938,61435.023438,63167.371094,0.09901585995781881,0.018338323903492215,1,1,1,1,0,1,1,0,0,0,0.0,0.0,0.0,0.0,0.0,0.0,0.0,0.0,0.0,0.0,0.0,-0.029195252641594505,-0.024154589371980673,2024-03-03,-0.1455030689206762,0.31244851485148517,3845,-0.010294627396295275,Buy
30,2024-03-04,68537.03125,62386.519531,68330.414063,1.6918175762628174,0.08173591649582534,1,1,1,1,0,1,1,0,0,1,-0.0011932621074473015,0.0021756025028907278,-0.0024957104756140325,0.16693351055795547,0.02898550724637694,0.01475875722188813,-0.3347107438016529,-0.015380805109656004,-0.044585145989318065,0.03595086274688386,0.2848487378296305,0.373259052924791,0.4009900990099009,2024-03-04,0.24498856980527867,0.26747978723404253,38722,0.02953553946008891,Sell
31,2024-03-05,69170.625,59323.910156,63801.199219,0.45468028257882387,-0.06628402456077764,1,1,0,0,0,1,0,0,0,1,-0.010193100890155904,-0.07145829305402607,-0.010378007251089949,0.01931191591809256,0.0719051148999259,0.007460947898940473,0.5987577639751553,-0.007492964376250022,0.2572102507387375,0.008529124675903832,-0.15427961586443495,0.12741341747426937,0.13427561837455837,2024-03-05,0.10237391644204852,0.13506190476190474,37100,0.052313383496296106,Buy
32,2024-03-06,67637.929688,62848.671875,66106.804688,-0.3312425842441885,0.036137337498718836,1,1,1,0,0,1,1,0,0,1,0.005141103345146503,0.0318304548468793,0.001966023032043518,-0.11644444444444446,0.0027662517289073207,0.007874407780642079,-0.6557886557886559,0.012539922903648915,-0.14998591133072636,0.031827277645081864,0.11885586750128208,-0.007296594922369559,-0.14641744548286606,2024-03-06,0.2681870075069918,0.21578375,20381,-0.060029473157202196,Buy
33,2024-03-07,68029.921875,65655.53125,66925.484375,-0.3165180132111878,0.012384196919876356,1,1,1,0,0,1,1,0,0,0,0.01030412779663803,-0.09235915377107073,0.003370337312819105,-0.0354124748490946,-0.004137931034482789,0.0035808728198565287,-0.6568848758465011,-0.0025274485982856865,0.16675425617640793,0.04474636002524335,0.04394527226532996,-0.07430776976002684,-0.08029197080291972,2024-03-07,0.3289195292669795,0.3012328125,13001,0.02964729652075948,Buy
34,2024-03-08,70083.054688,66230.453125,68300.09375,0.2599160832799192,0.020539401213709896,1,1,1,1,0,1,1,0,0,1,-0.006528519028031199,0.01713154727669064,-0.001769986201395679,0.01922045413910234,0.020775623268698196,0.009545921223354847,0.7039473684210527,-0.011655872291904346,-0.19724061784659164,-0.05547701017035911,0.8783642675200085,-0.0691418005148472,0.01984126984126977,2024-03-08,0.04673934429385492,0.16143846153846153,51944,0.0313007372606704,Buy
35,2024-03-09,68673.054688,68053.125,68498.882813,-0.6349898864513324,0.0029105240137390354,1,1,0,1,0,1,1,0,0,0,0.0,0.0,0.0,0.0,0.0,0.0,0.0,0.0,0.0,0.0,0.0,-0.05254342915011301,-0.10505836575875482,2024-03-09,0.14455434302132833,0.23720547945205478,18098,0.024273309256580333,Buy
36,2024-03-10,70005.203125,68239.976563,69019.789063,0.6512982351013537,0.007604594828532596,1,1,1,1,0,1,1,0,0,0,0.0,0.0,0.0,0.0,0.0,0.0,0.0,0.0,0.0,0.0,0.0,0.060801644398766674,0.01304347826086949,2024-03-10,0.287701555907173,0.231944,7584,0.011279102064030821,Buy
37,2024-03-11,72850.710938,67194.882813,72123.90625,0.8416292495999882,0.04497430706672567,1,1,1,1,0,1,1,0,0,1,-0.0011222380874353899,-0.07423370168239929,0.0012129515871597274,-0.12232845072069698,0.03256445047489831,0.0017900953936338393,1.8494208494208495,-0.0010255351615039432,-0.050815318257546815,-0.02003927885933654,-0.40612587752972373,0.21310649511703605,0.2618025751072961,2024-03-11,0.020363888888888886,0.0916,36,0.011614664079600212,Buy
38,2024-03-13,73637.476563,71334.09375,73083.5,-0.22927067762741238,0.02241441023241597,1,1,1,1,0,1,1,0,0,0,-0.0019245297272429962,0.049596741583772586,0.0009699156110405394,0.005591175666231019,-0.006502890173410436,0.006943158989275,-0.9636363636363636,0.02784944630865005,0.020869767231755043,-0.011151871636180477,-0.048440669086554644,-0.06867182210184952,0.04166666666666674,2024-03-13,0.08933344991706929,0.2868087209302326,27734,-0.002440085812100201,Sell
39,2024-03-14,73750.070313,68563.023438,71396.59375,0.2360811003528347,-0.0230819028918976,1,1,0,0,0,1,0,0,0,1,-0.0028710917313009565,0.09458099554272925,-0.0035258312022751204,0.1356178043695042,0.047272727272727355,-0.005700056338423076,24.75,0.019317623942327833,-0.05986282752299377,-0.03239151483144087,-0.05253156691777583,-0.14532792530802785,-0.014545454545454528,2024-03-14,0.0870377478567296,0.2205322222222222,19013,0.017995692098373484,Sell
40,2024-03-15,72357.132813,65630.695313,69403.773438,0.3142205248054597,-0.027911980212641407,0,1,0,0,0,1,0,0,0,1,-0.006482917345501438,0.6539504305701616,-0.00490650008853688,1.0605092999121895,0.000694444444444331,-0.002635206195099382,-0.8058252427184466,-0.0027073713338081618,-0.377784501596907,-0.0012167060856910217,0.06602492371139501,-0.0813037249283668,0.01845018450184499,2024-03-15,0.03385264793431683,0.24913385826771653,30571,-0.022709639974050955,Sell
41,2024-03-16,70046.273438,64801.394531,65315.117188,-0.4019161535330986,-0.058911152052164684,0,1,0,0,0,0,0,0,0,1,0.0,0.0,0.0,0.0,0.0,0.0,0.0,0.0,0.0,0.0,0.0,-0.16115984405458095,-0.0688405797101449,2024-03-16,0.5014227921672647,0.5533666666666667,25636,-0.029985970014454688,Buy
42,2024-03-17,68845.71875,64545.316406,68390.625,-0.04537220982172763,0.04708722795593556,0,1,1,0,0,1,0,0,0,0,0.0,0.0,0.0,0.0,0.0,0.0,0.0,0.0,0.0,0.0,0.0,0.16847731365828156,-0.0311284046692607,2024-03-17,0.1324658135283364,0.21107961165048542,13128,-0.06498650561456787,Sell
43,2024-03-18,68897.132813,66594.226563,67548.59375,0.10163313647577477,-0.0123120859035869,0,1,0,0,0,0,0,0,0,0,0.0063180594802156875,-0.479443927843202,0.0019542969754582362,-0.5764889715377861,-0.005551700208188737,0.0015759986662848835,-0.79,0.02073050319927794,-0.5422578588487017,0.0070358051171102165,0.04187912522621584,0.05270223238701344,0.03614457831325302,2024-03-18,0.1924027583670467,0.3183228571428572,21752,0.046169839955998215,Sell
44,2024-03-19,68106.929688,61536.179688,61912.773438,0.506566487703719,-0.0834335698069214,0,0,0,0,0,0,0,0,0,1,0.005649149698535805,-0.0011049942768233123,0.008258017082473756,-0.052873913706357634,-0.03558967201674812,-0.0020363317905217615,-0.4285714285714286,0.009066731031591724,-0.09329776434760029,0.010660799035423718,0.004775956088110878,0.12870164832569775,0.023255813953488413,2024-03-19,0.07573091524523792,0.2329,15067,-0.007298329450525998,Buy
45,2024-03-20,68115.257813,60807.785156,67913.671875,-0.10002190815996925,0.0969250463801199,0,1,1,1,0,0,0,0,0,1,0.008904173803579996,0.008207333769867153,0.010262320889675047,0.12697595054891986,-0.05643994211287995,0.0007419435902449312,0.41666666666666674,-0.021444842201451375,3.5715754940505633,0.01089508677279949,-0.28728999019594714,-0.13984433843836308,-0.09848484848484851,2024-03-20,0.013145948176266705,0.19077978723404254,12118,-0.10234028729859013,Sell
46,2024-03-21,68199.992188,64580.917969,65491.390625,-0.3340530587458451,-0.03566706353999505,0,1,0,1,0,0,0,0,0,0,0.0032365354076133723,0.0351501285410285,0.006814165560163454,0.1683759462933867,-0.009202453987730008,0.011353631360422556,2.7058823529411766,-0.007468168462292035,-0.24006367449688315,0.011762448285697946,0.002732417239486251,-0.12118116365051568,-0.11764705882352944,2024-03-21,0.04355916479247598,0.30479545454545454,19564,0.10179274350562317,Sell
47,2024-03-22,66623.75,62355.371094,63778.761719,-0.0692268285183647,-0.02615044343471673,0,0,0,1,0,0,0,0,0,0,-0.0014021877775134417,-0.19797610588131842,-0.007678786517392733,-0.18741289518081128,0.010835913312693624,-0.011134441482393509,-0.6984126984126984,-0.005427445417540255,-0.13399910065202725,0.03121346379862122,0.22138467687542152,-0.026072515914752237,-0.10952380952380958,2024-03-22,0.11087925111645482,0.26325774647887323,14555,-0.7047493151928076,Buy
48,2024-03-23,65976.398438,63038.492188,64062.203125,-0.40245658508412796,0.004444134667411781,0,0,1,0,0,0,0,0,0,0,0.0,0.0,0.0,0.0,0.0,0.0,0.0,0.0,0.0,0.0,0.0,-0.14891440263726274,-0.09625668449197866,2024-03-23,0.06693544154228856,0.237375,16080,-0.0319299041295833,Buy
49,2024-03-24,67622.757813,63825.851563,67234.171875,0.09974814547628208,0.04951388799118828,1,1,1,1,0,0,0,0,0,0,0.0,0.0,0.0,0.0,0.0,0.0,0.0,0.0,0.0,0.0,0.0,0.019166555362628568,0.035502958579881616,2024-03-24,0.09386226828314431,0.24661797752808987,12785,0.009622112591938015,Buy
50,2024-03-25,71162.59375,66414.835938,69958.8125,0.5694754722191984,0.04052464020923141,1,1,1,1,0,1,1,0,0,1,-0.003054964571781338,-0.012842623047974677,-0.00411030070043461,-0.026087741469579373,0.009954058192955584,0.007738265252606569,3.1578947368421053,0.0163710783717379,0.29969147688672915,0.007561836401257516,-0.05894303746768048,0.3252080466548719,0.18285714285714283,2024-03-25,0.19206866058994812,0.37690155038759693,15798,0.061034566524651446,Buy
51,2024-03-26,71535.742188,69335.609375,69987.835938,-0.15666698586304761,0.00041486464625162256,1,1,0,1,0,1,1,0,0,0,-0.0027997951713500946,0.16222503722203552,-0.0007964792754423522,-0.051688448110730034,0.0037907505686125553,0.00036787243975267003,2560.6835443037976,-0.0040267725696194745,-0.21479224930083896,-0.025694217234313088,-0.06970746337858791,0.03624406645569622,-0.019323671497584516,2024-03-26,0.0945349567637412,0.2427074468085106,10061,2.372499031583673,Sell
52,2024-03-27,71727.6875,68381.929688,69455.34375,0.1337577739414031,-0.007608353378317334,1,1,0,1,0,1,1,0,0,0,0.008630626477696302,-0.00549874864080957,0.012161957368711729,0.08226363458656416,-0.03474320241691853,0.0068946494412227555,-0.8458292361135131,-0.003308073879879636,0.059865589688142595,-0.02496728724734887,0.14098954926330864,-0.0919979004628525,-0.044334975369458074,2024-03-27,0.2089789319960322,0.2864862068965517,18146,0.010688263605103776,Buy
53,2024-03-28,71546.023438,68895.507813,70744.953125,-0.1580374454389275,0.018567460837021654,1,1,1,1,0,1,1,0,0,0,0.0011164856442029691,0.03837683417737958,0.0011894586537610774,0.08663716547758815,0.017996870109546093,0.012234001096077751,-0.9346153846153846,0.022372465208911452,0.17526523819430007,0.0011745484764542624,-0.2574023106573139,0.2219769825003941,0.015463917525773141,2024-03-28,0.08095932090545938,0.25717575757575756,13518,-0.015188242886995496,Sell
54,2024-03-29,70913.09375,69076.65625,69892.828125,-0.266009463005628,-0.01204502883045766,1,1,0,0,0,1,0,0,0,0,0.0,0.0,0.0,0.0,0.0,0.0,0.0,0.0,0.0,0.0,0.0,-0.1260912570421021,-0.055837563451776595,2024-03-29,-0.0258543139108852,0.2294705882352941,16922,0.028380860871967784,Sell
55,2024-03-30,70355.492188,69601.0625,69645.304688,-0.321059707222378,-0.0035414711872484572,1,1,0,0,0,1,0,0,0,0,0.0,0.0,0.0,0.0,0.0,0.0,0.0,0.0,0.0,0.0,0.0,-0.05565670980758819,-0.07526881720430112,2024-03-30,0.1090124590644704,0.23747565217391303,20459,-0.013214523089531194,Buy
56,2024-03-31,71377.78125,69624.867188,71333.648438,0.1704996058986472,0.024242032647620926,1,1,1,1,0,1,1,0,0,0,0.0,0.0,0.0,0.0,0.0,0.0,0.0,0.0,0.0,0.0,0.0,-0.0951537258989057,0.0,2024-03-31,0.08391422960308709,0.2894175182481752,14512,-0.005150311228349969,Sell
57,2024-04-01,71342.09375,68110.695313,69702.148438,0.7392463876513875,-0.02287139429603169,1,1,0,0,0,1,0,0,0,0,-0.002013584516194933,-0.168157728217454,-0.006042085281945608,-0.25348366900296426,0.04919292851652579,0.008613736287609752,-0.803921568627451,0.006492737922153102,0.09287751809213884,7.742706370050811e-05,0.03958760328299782,0.08580972126238184,0.058139534883721034,2024-04-01,0.6093865483476133,0.27944186046511627,8170,0.022690835903339757,Sell
58,2024-04-02,69708.382813,64586.59375,65446.972656,0.45397510831642474,-0.061047985999814314,0,0,0,0,0,1,0,0,0,1,-0.007239059084440891,0.16857239929884282,-0.010023877724223085,0.18599473039670467,0.0703296703296703,0.010954616588419341,0.08749999999999991,0.01720228189227435,0.07157874409376475,-0.010081515776164007,-0.04282768360957556,0.11281425692160818,0.04395604395604402,2024-04-02,-0.02508662392698033,0.13149493670886075,18406,-0.04188712346611623,Buy
59,2024-04-03,66914.320313,64559.898438,65980.8125,-0.31983325816499875,0.00815683021437752,0,0,0,0,0,0,0,0,0,0,0.0010911222145302268,-0.0471724570896338,-0.0011002653517403482,0.13952251322006326,-0.019164955509924697,0.014772181335692247,-0.3448275862068966,0.003288291173498825,-0.062466573654226254,-0.0054555066810522135,-0.14546810633070406,-0.04241933177636914,-0.06842105263157894,2024-04-03,0.0003763337382042419,0.1887968085106383,10703,0.985684980089045,Buy
60,2024-04-04,69291.257813,65113.796875,68508.84375,-0.0014060223606932043,0.038314642609167615,0,1,1,0,0,0,0,0,0,1,-0.012334336267318058,0.10056841963140495,-0.01354967798646789,-0.02106101378439229,0.14096301465457084,-0.002440661279282108,-0.11929824561403513,0.013578321432751839,0.11466474861183884,-0.03438467361128128,0.17536824412876584,-0.0637101189587378,-0.05084745762711862,2024-04-04,0.09304663212435234,0.24576122448979593,15826,0.05385022579133247,Sell
61,2024-04-05,68725.757813,66011.476563,67837.640625,-0.020072789534183455,-0.009797320875087778,0,0,0,1,0,0,0,0,0,0,0.011099194210624663,-0.16902700898991085,0.007955508184030569,-0.11051583405795073,-0.01957180428134575,0.016121942157473423,0.3705179282868525,0.003695669416591718,-0.017600560725828385,0.02448057766696432,-0.0811260676146357,-0.15512200308330237,-0.005952380952380931,2024-04-05,0.19710647235905857,0.288862962962963,7308,0.025388672477845153,Buy
62,2024-04-06,69629.601563,67491.71875,68896.109375,-0.4083308731786369,0.015602971156545964,1,1,1,1,0,0,0,0,0,0,0.0,0.0,0.0,0.0,0.0,0.0,0.0,0.0,0.0,0.0,0.0,-0.10438557855659725,-0.10778443113772451,2024-04-06,0.22712391175891272,0.24953714285714287,5077,-0.002539883457589376,Buy
63,2024-04-07,70284.429688,68851.632813,69362.554688,0.061957022768262426,0.006770270734173911,1,1,1,1,0,0,1,0,0,0,0.0,0.0,0.0,0.0,0.0,0.0,0.0,0.0,0.0,0.0,0.0,0.3080651960095546,0.02684563758389258,2024-04-07,0.28382050883810367,0.3185094117647059,13521,0.011552100343308336,Buy
64,2024-04-08,72715.359375,69064.242188,71631.359375,0.7572060846506428,0.03270935877730152,1,1,1,1,0,1,1,0,0,1,-0.0003746309922952884,-0.03206585606387191,-0.0002888718567704007,-0.08088675853804672,-0.05240180583893905,0.002579868481065395,-0.41279069767441856,-0.005523000551236779,0.11474323765734451,-0.009942277635819119,-0.2913795605462397,-0.07196949352811643,0.17647058823529416,2024-04-08,0.23785564921992955,0.21334375,7948,0.010461854610692933,Sell
65,2024-04-09,71742.507813,68212.921875,69139.015625,-0.02239667667674783,-0.03479403115822832,1,1,0,0,0,0,0,0,0,1,0.0014454930910536845,0.037368295822682196,-0.00023471968633481666,0.1277705345501956,-0.013824884792626668,0.005060706457938213,0.044554455445544594,-0.013884033321763356,-0.19998272945694306,-0.020417143203477206,0.7779358802344467,-0.180450257538052,-0.09999999999999998,2024-04-09,0.49435495646766164,0.2773377192982456,16080,0.03884226018067416,Buy
66,2024-04-10,71093.429688,67503.5625,70587.882813,0.05193143923199717,0.02095585502487407,1,1,1,1,0,0,1,0,0,1,-0.00945698054759303,0.13092969641365837,-0.010857003354958983,-0.03383024034073623,0.05473965287049398,-0.005931257520802258,0.7867298578199051,0.011498251384550517,0.1871305485183845,0.019741372155557935,-0.1422270413685316,-0.01313466563095822,-0.05555555555555558,2024-04-10,-0.1248690579710145,0.1456577319587629,11040,-0.029784059686623898,Sell
67,2024-04-11,71256.234375,69571.8125,70060.609375,-0.21308759858091375,-0.007469744338370998,1,1,0,0,0,1,0,0,0,0,0.007444797734401654,-0.08750809297101092,-6.327348799450849e-05,0.12299263177781983,-0.05632911392405071,0.010817286203599785,-0.24933687002652516,-0.013803526433169178,0.0379446915138566,0.04109647352225454,-0.0006760370338643185,0.48543828264758493,0.013071895424836555,2024-04-11,0.35964298527543165,0.30174615384615383,13379,0.05032566586136844,Sell
68,2024-04-12,71222.742188,65254.835938,67195.867188,0.4634941456600792,-0.040889484298751055,0,0,0,0,0,1,0,0,0,1,-0.014550688420889468,0.12932198849939303,-0.012372627405509373,0.23628869448183032,0.16096572769953066,0.0005944886915534298,1.0636042402826855,0.007527723154353794,-0.04681445296397069,-0.026816457142771255,-0.011194591751865546,-0.1852690399344863,0.10967741935483866,2024-04-12,0.12237909842984974,0.23338541666666668,11846,-0.004010769080864951,Sell
69,2024-04-13,67931.429688,60919.105469,63821.472656,0.19806429960706828,-0.050217292717707696,0,0,0,0,0,0,0,1,1,1,0.0,0.0,0.0,0.0,0.0,0.0,0.0,0.0,0.0,0.0,0.0,-0.15384615384615385,0.11627906976744184,2024-04-13,0.02224400303791552,0.2670235294117647,17117,-0.05058358076319924,Buy
70,2024-04-14,65824.429688,62205.851563,65738.726563,-0.07159895751240897,0.030040891054552654,0,0,1,0,0,0,0,1,0,1,0.0,0.0,0.0,0.0,0.0,0.0,0.0,0.0,0.0,0.0,0.0,0.0772832087205646,-0.046875,2024-04-14,-0.42241486918604654,0.13231437908496732,13760,-0.06526363312845551,Sell
71,2024-04-15,66878.648438,62332.070313,63426.210938,-0.11181579754480975,-0.03517737178531799,0,0,0,0,0,0,0,1,1,1,-0.012021354942249096,-0.0032826842819727586,-0.006532589563963409,-0.11734821165317189,0.11091860837195888,0.0040743986926599085,2.083904109589041,-0.002918514923254012,-0.07045124041107365,-0.024777153678945285,0.03812513911505255,0.05344749302717777,-0.060109289617486295,2024-04-15,-0.05524160004350901,0.22360272727272726,18387,0.04357089305283468,Buy
72,2024-04-16,64355.667969,61716.402344,63811.863281,-0.01716650586276469,0.00608033078591097,0,0,1,0,0,0,0,1,0,0,-0.0020565070195988078,0.014173929993595236,0.001692306609353711,-0.12768198987588975,-0.0431617264690588,0.010567249759998676,-0.9772348695169351,-0.0005854466415902149,-0.29820526092342403,0.016441692729639135,-0.16390830487703045,-0.0778892925312481,-0.046511627906976716,2024-04-16,0.36700743299832495,0.34752045454545455,9552,-0.03613380297120883,Sell
73,2024-04-17,64486.363281,59768.585938,61276.691406,-0.021758105328803734,-0.039728848910682846,0,0,0,0,0,0,0,1,1,1,-0.005780602663063683,-0.10235884379212223,-0.0012079735905492495,-0.07314127489100974,-0.010326141304347725,-0.007988998497799438,-0.09756097560975607,-0.031279275641058035,0.0753989135794284,-0.03866609805335364,0.3372816524633355,-0.012753739316239354,-0.04878048780487809,2024-04-17,-0.0750122577659513,0.19752637362637365,17287,0.011962574269811954,Buy
74,2024-04-18,64125.6875,60833.480469,63512.753906,-0.14097351512904832,0.036491240775135214,0,0,1,1,0,0,0,1,0,0,-0.0022081601697494513,0.006570952663001561,0.0005845927899283954,-0.04582869855394878,-0.011532070924331173,0.004469409376818723,2.4594594594594597,0.0004837465114584383,-0.6745472759497573,0.007568203364398007,-0.09717400080742833,0.0951640175853905,0.012820512820512775,2024-04-18,0.21322896882494005,0.2939581395348837,8340,-0.03785100769212124,Buy
75,2024-04-19,65481.597656,59651.390625,63843.570313,0.3864355746492991,0.0052086610429396,0,0,1,1,0,0,0,1,0,1,-0.008758548183889103,0.07154894247132404,0.005586165860178349,0.40045964760350405,0.039444388888888904,0.006758113028943802,0.25,0.004955832045600239,-0.08958422124354781,-0.1000460748082832,0.9567991772123596,0.025012351778656017,0.19620253164556956,2024-04-19,0.2379656874071629,0.18447142857142856,18177,0.03377871782797581,Buy
76,2024-04-20,65442.457031,63172.402344,64994.441406,-0.5373139289286322,0.018026421256795766,1,0,1,1,0,0,1,0,0,0,0.0,0.0,0.0,0.0,0.0,0.0,0.0,0.0,0.0,0.0,0.0,0.12743266855455815,-0.07407407407407407,2024-04-20,0.1787145420541852,0.3216272727272727,19784,0.018885035972026065,Sell
77,2024-04-21,65723.242188,64277.722656,64926.644531,-0.11216981357389955,-0.0010431180503036597,1,0,0,1,0,0,1,0,0,0,0.0,0.0,0.0,0.0,0.0,0.0,0.0,0.0,0.0,0.0,0.0,-0.07155835827276613,-0.18285714285714283,2024-04-21,0.05722191845764855,0.2926264150943396,6328,0.006551984857836812,Buy
78,2024-04-22,67233.960938,64548.179688,66837.679688,0.37919620082865046,0.029433758217515038,1,0,1,1,0,0,1,0,0,0,0.008731248235862799,-0.015082178536899749,0.006675600778891733,-0.16365409313608903,-0.09460171537155082,-0.027601715187194897,-0.66875,-0.0034881044441678055,3.082053549368669,0.04354332192427779,-0.3186216147660301,-0.012548206987854749,0.04195804195804187,2024-04-22,0.24526462855764594,0.3684056603773585,8292,0.00405872310236588,Sell
79,2024-04-23,67199.242188,65864.867188,66407.273438,-0.14042905951334472,-0.006439574982392338,1,0,1,1,0,1,1,0,0,0,0.011964576263814974,-0.018022380734245114,0.006896210033731087,-0.06321626617375231,-0.07378990119304008,-0.0019295086590112032,2.2264150943396226,0.0061557394364692986,0.13347604757991038,0.03653259731212022,-0.26458351849025974,0.1289419994170795,-0.10067114093959728,2024-04-23,0.08593967636341175,0.2994636363636364,16191,0.025821470814629155,Sell
80,2024-04-24,67075.367188,63589.871094,64276.898438,0.24539038002126246,-0.032080446759932046,0,0,0,1,0,0,0,0,0,0,0.0002130100366897203,-0.025233246254731556,-0.0011107904057565676,0.023708335863031893,0.017845761631612556,-0.0013747265830483801,-0.4444444444444444,-0.006597924584957782,-0.07514319279173953,-0.03331588391526208,0.16793407500473134,2.6202819228584704,0.029850746268656803,2024-04-24,0.04956339014877944,0.15165,13846,-0.004043666669701684,Buy
81,2024-04-25,65275.207031,62783.632813,64481.707031,0.06206536648623029,0.0031863484078584747,1,0,1,0,0,1,0,0,0,0,-0.0045764303656697924,0.08239852983805251,-0.009753304801667695,0.21036088129763075,-0.037570444583594376,0.0022800813078081017,9.778947368421052,0.009177659924590298,-0.045463523734566635,0.03708726390081796,-0.170959844438197,-0.37483241578001536,-0.08695652173913049,2024-04-25,0.10446557386331465,0.2533130081300813,17661,-0.030758546892975747,Sell
82,2024-04-26,64789.65625,63322.398438,63755.320313,-0.2492992602504508,-0.01126500447097012,0,0,0,0,0,0,0,0,0,0,0.010209142622110035,-0.08941524235418952,0.0040398093737012974,-0.023250116373079832,-0.022121014964216035,0.002146106916834478,-0.2998046875,0.0033504606916359148,-0.22293038240649954,0.06175569698152317,0.29759255465204726,-0.013551433851207939,-0.031746031746031744,2024-04-26,0.18966738923471255,0.23705569620253164,13655,0.006236758618462623,Sell
83,2024-04-27,63898.363281,62424.71875,63419.140625,-0.19091589166569467,-0.005272966810449087,0,0,0,0,0,1,0,0,0,0,0.0,0.0,0.0,0.0,0.0,0.0,0.0,0.0,0.0,0.0,0.0,-0.3957307060755336,-0.008196721311475419,2024-04-27,0.14062649177653933,0.2532257142857143,7357,0.04855161707479727,Sell
84,2024-04-28,64321.484375,62793.597656,63113.230469,-0.11243558651053631,-0.004823625059961922,0,0,0,0,0,0,0,0,0,0,0.0,0.0,0.0,0.0,0.0,0.0,0.0,0.0,0.0,0.0,0.0,-0.4317973055725658,-0.03305785123966942,2024-04-28,-0.2105711187607573,0.186930612244898,8715,-0.0115106194295711,Buy
85,2024-04-29,64174.878906,61795.457031,63841.121094,0.536554737304338,0.011533090915977207,0,0,0,0,0,0,1,0,0,0,0.0031784486788053457,-0.043475003745692464,0.0038292622738445026,-0.13808066619845494,-0.0239520958083832,0.004539940370714035,-0.4351464435146444,-0.014549803567079356,0.38057273956327586,0.00025078930585520354,-0.2940776136955524,-0.08439983834029363,0.042735042735042805,2024-04-29,0.39144793985832005,0.29274666666666666,6917,0.007316188460623652,Sell
86,2024-04-30,64703.332031,59120.066406,60636.855469,0.42066995690971987,-0.050191249309078145,0,0,0,0,0,0,0,1,0,1,-0.015730513690315306,0.1841999158798533,-0.014853504780433457,0.3051246980764195,0.06680299931833678,-0.023023792212983563,-0.7209876543209877,-0.008471463456545925,0.1890178762196424,-0.015440408608297429,-0.06494571574744645,0.07474435371146915,0.15573770491803285,2024-04-30,0.1560812782440284,0.37900317460317456,7745,-0.0016635227985842826,Sell
87,2024-05-01,60780.5,56555.292969,58254.011719,0.28009262474180585,-0.03929695449359516,0,0,0,0,0,0,0,1,1,1,-0.0034354386792455616,0.11309329890972863,0.002310328128156902,-0.07790759900107025,-0.016613418530351476,0.00370952272127667,-0.6283185840707964,-0.03576223605516915,0.10306978137166811,-0.03889956251012716,0.539315771674608,-0.05633513587514549,0.049645390070921946,2024-05-01,0.020930412267672917,0.15192788461538462,24911,-0.04358687267287553,Buy
88,2024-05-02,59602.296875,56937.203125,59123.433594,-0.32469112419603696,0.014924669552267567,0,0,1,0,0,0,0,1,0,0,0.009128436958746544,-0.03576230642779654,0.008505095493538395,-0.13935774048459637,-0.046133853151397064,-0.00030433976687049835,0.33333333333333326,-0.0006329493670886865,-0.18626718976962653,0.03342928192097894,-0.3250170130907025,-0.0335122588132889,-0.14189189189189189,2024-05-02,0.16516284873124915,0.37205849056603774,7133,-0.03985539416883621,Buy
89,2024-05-03,63320.503906,58848.3125,62889.835938,0.014068602102110583,0.0637040529456363,1,0,1,1,0,0,1,0,0,1,0.01255673977161953,-0.1042230570149213,0.011772707918279446,0.1534657638166952,-0.08106267029972747,-8.696546810249561e-05,2.4642857142857144,-0.010639595084468434,-0.0979113142704614,0.03463183245007584,0.05409660807942873,-0.04870909636745724,-0.03149606299212604,2024-05-03,0.23953499949814314,0.2741408450704225,9963,0.024177085342505844,Buy
90,2024-05-04,64494.957031,62599.351563,63891.472656,-0.37837743684905445,0.015926845778186927,1,0,1,1,0,0,1,0,0,0,0.0,0.0,0.0,0.0,0.0,0.0,0.0,0.0,0.0,0.0,0.0,-0.042919132149901396,-0.016260162601625994,2024-05-04,0.08230165378217046,0.32059253731343285,10219,0.05950274718371151,Buy
91,2024-05-05,64610.890625,62955.304688,64031.132813,-0.11271868614790348,0.002185896664989251,1,0,1,1,0,0,1,0,0,0,0.0,0.0,0.0,0.0,0.0,0.0,0.0,0.0,0.0,0.0,0.0,0.022998928365344895,-0.04132231404958675,2024-05-05,-0.12521718344155844,0.13173837209302325,12320,0.0189644523452408,Sell
92,2024-05-06,65494.902344,62746.238281,63161.949219,0.5685215455185118,-0.013574390391286828,1,0,0,1,0,0,1,0,0,1,0.010326123846195134,-0.06158996583430787,0.004565914404725868,-0.23135946215867298,0.0,0.00983040365376242,-0.9536082474226804,0.00473693503089323,-0.08343350655595216,0.03774113868000395,-0.05557549938369388,0.11216760676873494,0.051724137931034475,2024-05-06,0.2318766037735849,0.2818783505154639,7420,-0.0010032978628251588,Sell
93,2024-05-07,64390.457031,62285.980469,62334.816406,-0.09642499792290848,-0.013095428865440906,1,0,0,0,0,0,1,0,0,0,0.0013434298354362273,0.08270956356478654,0.0008234316395463459,0.14381239106322297,-0.01927353595255743,-0.00275678270582147,1.7777777777777777,-0.0012742863936944238,0.1016380322091408,-0.017212915315963917,0.16251598206287565,-0.06774380524561663,-0.040983606557377095,2024-05-07,0.11314539100619807,0.22069620253164554,7583,-0.003370662613242814,Sell
94,2024-05-08,62986.085938,60877.128906,61187.941406,0.006071608243874316,-0.018398626419786956,0,0,0,0,0,0,0,0,0,0,-5.8355338323767825e-06,-0.03655817988961585,0.00442669857650646,-0.1900368492505472,-0.017384731670445963,-0.0006910215246459517,-0.84,0.007782610657665501,0.08503234196090892,-0.0015681029930416646,-0.2552258872918677,-0.017020284448589384,-0.008547008547008517,2024-05-08,-0.15645274261603376,0.2237925,1896,-0.008339643878397363,Buy
95,2024-05-09,63404.914063,60648.074219,63049.960938,-0.02433417165441154,0.030431151779481302,1,0,1,0,0,0,1,0,0,1,0.005090947650312039,-0.029861273782566866,0.008484426970778225,0.03738797290825757,-0.02384615384615385,0.007996196065167993,0.25,0.0034182049226030298,-0.23276757003114368,-0.01841570748078658,0.16054230461038732,-0.03146742567994942,-0.0431034482758621,2024-05-09,0.05443458021612634,0.25106,1203,-0.022795269914347882,Sell
96,2024-05-10,63446.742188,60208.78125,60792.777344,0.09238931719389099,-0.03579992057758119,0,0,0,0,0,1,0,0,0,1,0.0016493989105166307,-0.02936923353463705,0.003175558080510621,-0.045471032413361034,-0.011032308904649235,0.01509367073488277,24.2,-0.01261670419841776,0.031010736601249755,0.012744047398919545,-0.11292733318695392,-0.14318367346938776,0.018018018018018056,2024-05-10,0.019541402074819234,0.3029684210526316,3181,0.024006302835893223,Buy
97,2024-05-11,61451.152344,60492.625,60793.710938,-0.5021652392410836,1.53569887868521e-05,0,0,0,0,0,1,0,0,0,0,0.0,0.0,0.0,0.0,0.0,0.0,0.0,0.0,0.0,0.0,0.0,-0.15129573170731703,-0.10619469026548678,2024-05-11,0.18651214518380643,0.3854085106382979,6447,-0.030938382566722655,Buy
98,2024-05-12,61818.15625,60632.601563,61448.394531,-0.0030207151019678857,0.010768936176106747,0,0,0,0,0,1,1,0,0,0,0.0,0.0,0.0,0.0,0.0,0.0,0.0,0.0,0.0,0.0,0.0,0.08576560395150423,0.0,2024-05-12,0.5503936298932385,0.459978431372549,2810,0.0006619606234032904,Buy
99,2024-05-13,63422.660156,60769.839844,62901.449219,1.0208878821016323,0.02364674779691689,1,0,1,1,0,1,1,0,0,0,-0.00024130407329769898,0.17629287708339092,-0.002058270813261931,0.11707199115655653,0.08366533864541825,-0.01317955069243526,-0.8888888888888888,0.010989023486096983,0.023231579583808948,0.005796791334849116,-0.1361216730038023,0.153225806451613,0.10891089108910901,2024-05-13,0.35276862015901517,0.28591206896551724,7798,0.011136306289795783,Sell
100,2024-05-14,63092.125,61123.765625,61552.789063,0.010652530316082043,-0.021440843935160547,0,0,0,0,0,0,1,0,0,0,0.0048378131575987915,0.11933848875980746,0.0032105706953913238,-0.007762006370411578,-0.013235294117647012,0.007405420690154152,-0.5714285714285714,-0.013903007561817171,0.06850514944334574,0.01058641111989278,0.023567384700359018,0.009592971131432648,0.0,2024-05-14,0.044705682672682344,0.1366657894736842,9309,0.021816399218508975,Buy
101,2024-05-15,66454.453125,61330.410156,66267.492188,0.41257303350180696,0.07659609250483279,1,1,1,1,0,1,1,0,0,1,0.01171592777489705,-0.08455195462236387,0.008844978451399976,0.2815246524964159,-0.07228017883755589,0.014999596528410208,3.833333333333333,0.007818508375487365,0.04507660778764522,0.03583775441664194,0.40885375387427625,0.08569398810052387,0.09821428571428581,2024-05-15,0.21095939356048765,0.16375578947368422,9597,-0.020775670044738903,Sell
102,2024-05-16,66712.429688,64613.054688,65231.582031,-0.20700877795342032,-0.01563225229741816,1,1,0,1,0,1,1,0,0,0,-0.0020816676627457564,-0.12459611861099196,-0.0009677531823193419,-0.02585179600671228,-0.002409638554216831,-0.0036421280104091958,-0.7586206896551724,0.007630751912657274,-0.28322236644286525,-0.0028637430898365013,-0.22450357283924016,-0.008506461639129714,0.04878048780487809,2024-05-16,0.17437105597230237,0.3093885714285714,25995,0.07245491181614083,Buy
103,2024-05-17,67459.460938,65119.316406,67051.875,-0.11217780808931799,0.027905086958261105,1,1,1,1,0,1,1,0,0,0,0.001164773533792518,-0.06269859357113483,0.0033662660839646197,-0.2503994407829039,-0.0346215780998389,0.013529391176470673,29.428571428571427,0.010475766358357896,-0.5911358928594692,-0.01992396040733846,0.11032189954067273,-0.020706154099983554,-0.06201550387596899,2024-05-17,0.3013118119755369,0.2644871212121212,14062,-0.014618992038209266,Sell
104,2024-05-18,67387.328125,66663.5,66940.804688,-0.40379897680809773,-0.0016564833123606792,1,1,0,0,0,1,1,0,0,0,0.0,0.0,0.0,0.0,0.0,0.0,0.0,0.0,0.0,0.0,0.0,-0.11439642827057539,0.008264462809917328,2024-05-18,-0.03726137071651091,0.27162000000000003,7704,0.026122753764383777,Sell
105,2024-05-19,67694.296875,65937.179688,66278.367188,0.15179362275839425,-0.009895869986736971,1,1,0,1,0,1,1,0,0,0,0.0,0.0,0.0,0.0,0.0,0.0,0.0,0.0,0.0,0.0,0.0,0.00047560163606963357,-0.049180327868852514,2024-05-19,0.145231583403895,0.3578408602150538,8267,0.002652654510880703,Buy
106,2024-05-20,71483.5625,66086.171875,71448.195313,1.2780632943764494,0.07800174241371516,1,1,1,1,0,1,1,0,0,1,0.0009163898842925455,-0.04416285647211382,-0.004920066268240819,-0.09271964297608737,0.01334445371142623,0.008995917187961222,-0.812206572769953,-0.0032475019547213435,-0.09643979947319226,0.02488135792477686,-0.11378377551843111,0.20983076630538133,0.3362068965517242,2024-05-20,-0.01771718585402559,0.2508035714285714,6645,-0.008962334451295573,Sell
107,2024-05-21,71946.460938,69191.125,70136.53125,0.07026919489838823,-0.01835825323864193,1,1,0,0,0,1,1,0,0,1,0.0025018741614692974,0.07079909944153684,0.0016635047450517249,0.15307246164011445,-0.023868312757201693,-0.005012511397849639,-0.85,-0.0067669295701655585,3.3689110400601843,0.006393785676237496,0.03194212646346517,0.14994106090373283,0.31612903225806455,2024-05-21,0.17912630489335007,0.2733242857142857,15940,0.04991262016254572,Sell
108,2024-05-22,70623.695313,68977.695313,69122.335938,-0.3010620146091906,-0.014460300415840677,1,1,0,0,0,1,1,0,0,0,-0.002706122921903198,0.05048549521604273,-0.005064812714231204,-0.17728893416528713,0.036256323777402955,-0.013420324836931008,29.0,-0.021322255328734552,-0.1547789448761273,-0.004570953712893955,0.667896858450931,-0.08180140777694256,-0.18137254901960786,2024-05-22,0.37911933307382895,0.38047105263157893,7707,0.0026823102498625406,Sell
109,2024-05-23,70041.273438,66356.953125,67929.5625,0.27720759556676544,-0.01725597698361747,1,1,0,0,0,1,0,0,0,1,-0.007380789508047769,0.005819922903567143,-0.015270014557420164,0.2987656231861626,0.039056143205858485,-0.02268539766933897,1.0277777777777777,-0.009024068583215139,0.05133934966337206,0.0931964958355922,0.5220414546302912,-0.022700208395355803,0.28742514970059885,2024-05-23,0.28398681352776917,0.39486116504854374,6446,-0.008902137330272897,Buy
110,2024-05-24,69220.296875,66622.671875,68526.101563,-0.30309503340845556,0.008781729795477533,1,1,1,0,0,1,1,0,0,1,0.007001042570040639,-0.22328609233186547,0.00011079216699316774,-0.2557204147300679,-0.06577916992952226,-0.0010706638115631772,-0.9315068493150684,0.01105760331504091,-0.09446124872453998,0.02572277090442987,-0.48567596534401514,-0.029700708247658247,-0.19069767441860463,2024-05-24,-0.00680877170082235,0.13467857142857143,7661,-0.023512084378009224,Buy
111,2024-05-25,69579.320313,68515.820313,69265.945313,-0.47005142871672045,0.010796524727439971,1,1,0,0,0,1,1,0,0,0,0.0,0.0,0.0,0.0,0.0,0.0,0.0,0.0,0.0,0.0,0.0,-0.1212620673416529,-0.25287356321839083,2024-05-25,0.3534235593759949,0.2731486486486487,3141,0.019263984958385993,Sell
112,2024-05-26,69506.226563,68183.890625,68518.09375,0.010040798530541739,-0.010796814504163588,0,1,0,0,0,1,0,0,0,0,0.0,0.0,0.0,0.0,0.0,0.0,0.0,0.0,0.0,0.0,0.0,0.08779921400500168,0.023076923076922995,2024-05-26,0.3750123535319719,0.2547348837209302,5974,0.005251690391891772,Buy
113,2024-05-27,70597.882813,68232.5,69394.554688,0.6553796210397562,0.01279167136782755,1,1,1,0,0,1,1,0,0,0,0.0,0.0,0.0,0.0,0.0,0.0,0.0,0.0,0.0,0.0,0.0,0.07512932096231228,0.18045112781954886,2024-05-27,0.07924807913629639,0.24993437500000001,18247,-0.004724935009108866,Sell
114,2024-05-28,69514.640625,67227.15625,68296.21875,0.26482461854458395,-0.01582740811491845,0,1,0,0,0,1,0,0,0,0,0.0002488018116899582,0.24822076785637037,-0.005547293172653678,0.21428285496977706,0.08298407376362116,0.009732026152197149,0.040000000000000036,0.0271487515806903,0.11702415781994491,0.0698043454939119,0.5197604623114642,0.11394531846647316,-0.0573248407643312,2024-05-28,0.3477895810137709,0.24944848484848484,17065,0.01715645329669413,Sell
115,2024-05-29,68852.460938,67101.492188,67578.09375,-0.18382568815478428,-0.01051485738366742,0,1,0,0,0,1,0,0,0,0,-0.007367046556883361,-0.05298890588931482,-0.010586616239232849,-0.03646073712665654,0.10526315789473673,-0.006326385152001124,4588.115384615385,-0.00751595872439037,-0.22294461706089075,0.008112272867558001,-0.14598117439423464,0.08638420403126279,-0.04054054054054057,2024-05-29,0.12488931660899655,0.21215172413793104,4624,-0.020947792507656993,Buy
116,2024-05-30,69500.539063,67118.078125,68364.992188,0.10493997743086103,0.011644282848685794,0,1,1,0,0,0,0,0,0,1,-0.005975035615464086,0.07487157835479552,-0.00858598802350441,0.2320035582318325,0.013305322128851715,0.001110905843509702,-0.7268871996446441,-0.016660342673469275,0.4398599351294714,-0.037665988356176405,-0.12573864186767414,-0.08620472043417893,-0.04225352112676062,2024-05-30,0.09043098273832877,0.2811163461538462,10196,-0.013232732164011218,Sell
117,2024-05-31,68999.5625,66633.421875,67491.414063,-0.07192305796115828,-0.012778150001066413,0,1,0,0,0,0,0,0,0,1,0.008027876366743403,0.4238062193126022,0.015083115033213357,0.7167930239662306,-0.10711817553559089,-0.0085364295687268,-0.9711234541381533,-0.011808573389368582,-0.07667364940245436,-0.0078461266968326,0.25836257309941524,-0.26305248618784527,-0.07352941176470584,2024-05-31,0.22122957558416784,0.2311988888888889,10485,0.008015823166946934,Buy
118,2024-06-01,67839.765625,67386.195313,67706.9375,-0.5749306246581067,0.0031933459980377776,0,1,1,1,0,0,0,0,0,0,0.0,0.0,0.0,0.0,0.0,0.0,0.0,0.0,0.0,0.0,0.0,-0.1473151532190048,-0.09523809523809523,2024-06-01,0.17697114624505927,0.10978690476190478,9108,-0.01206618512780866,Buy
119,2024-06-02,68409.164063,67315.523438,67751.601563,0.46979297137051934,0.000659667452836743,0,1,0,0,0,0,0,0,0,0,0.0,0.0,0.0,0.0,0.0,0.0,0.0,0.0,0.0,0.0,0.0,0.040773711396856704,0.03508771929824572,2024-06-02,0.14467874015748033,0.30244499999999996,7112,0.0030163610439080113,Buy
120,2024-06-03,70230.820313,67589.835938,68804.78125,0.8936394551805951,0.015544720164595294,1,1,1,1,0,1,1,0,0,1,0.0011160824444034212,-0.25569230995593284,-0.0029800989617835283,-0.4920575865415723,0.014705882352941124,0.010202848594377256,-0.1700318809776833,-0.035978660500809556,0.28439673157162737,0.04895420952758167,-0.2851484599592671,0.15258711721224927,0.10169491525423724,2024-06-03,0.33196519219898246,0.38169255319148937,7076,0.0029144876511157936,Buy
121,2024-06-04,71047.40625,68564.640625,70567.765625,0.02309819544243963,0.025622992224831664,1,1,1,1,0,1,1,0,0,1,0.0015028092037845386,-0.0837723503306218,0.0036363511281538585,-0.0304448902901181,0.0038138825324181003,-0.008991774106710149,0.13956466069142115,-0.013069266867835161,-0.07794328977081744,0.012495617391304226,-0.0799923356265625,0.052771415483279904,-0.01538461538461533,2024-06-04,0.07909861192714453,0.19285408163265305,13616,0.01802263553757566,Buy
122,2024-06-05,71735.414063,70390.710938,71082.820313,-0.010224079594210345,0.007298724615103058,1,1,0,1,0,1,1,0,0,0,0.011847649715994946,-0.03140322015156827,0.0024809058113179905,0.02141566759730651,-0.04027355623100304,0.012298472586540488,-0.6685393258426966,0.011194539249146596,-0.24716126648740833,0.05155583024488197,0.3101179200841011,-0.001479418675485178,0.1640625,2024-06-05,0.10861127834245504,0.21459673913043478,10232,0.025375453707348505,Sell
123,2024-06-06,71625.734375,70119.125,70757.164063,-0.2312539168133888,-0.0045813636623593945,1,1,0,1,0,1,1,0,0,0,-0.00019981659478196523,0.005159461611712324,0.002031671692161785,-0.13496478760009,-0.003958828186856778,0.00688158970545194,-0.39322033898305087,0.01998113946267055,-0.05401022421116608,-0.011777204969336763,0.2579361925200889,-0.06257625936900824,-0.11409395973154357,2024-06-06,0.05623995554320644,0.37096837606837607,3599,0.00038850081685981586,Sell
124,2024-06-07,71907.851563,68507.257813,69342.585938,0.4347287399273849,-0.01999201273443496,1,1,0,0,0,1,0,0,0,1,-0.0011152198117477807,0.022928041351915063,-0.002242020486877827,-0.011710037174721188,-0.02861685214626386,-0.02746491864077072,0.5027932960893855,-0.00026477828200743847,-0.037202575219353995,-0.0009091141927212165,-0.379587059347431,-0.008367422833767235,0.1287878787878789,2024-06-07,0.12135636790606655,0.27700254237288136,12775,-0.005196877054318483,Sell
125,2024-06-08,69533.320313,69210.742188,69305.773438,-0.6058904701162098,-0.000530878672925672,1,1,0,0,0,1,0,0,0,0,0.0,0.0,0.0,0.0,0.0,0.0,0.0,0.0,0.0,0.0,0.0,-0.09534970935683484,-0.17449664429530198,2024-06-08,0.08906161582852432,0.20424791666666667,6065,-0.022795500719122397,Buy
126,2024-06-09,69817.523438,69160.84375,69647.992188,-0.05105510249948075,0.0049378101278407804,1,1,1,0,0,1,0,0,0,0,0.0,0.0,0.0,0.0,0.0,0.0,0.0,0.0,0.0,0.0,0.0,-0.019276608975023368,-0.04878048780487809,2024-06-09,0.06004849137931035,0.27314606741573033,5568,-0.0008250391633878307,Sell
127,2024-06-10,70146.070313,69232.421875,69512.28125,0.5219193266070039,-0.0019485262063790865,1,1,0,0,0,1,0,0,0,0,0.002580854723139625,-0.019085995298909197,0.0017797057361368385,0.24348316719954854,0.042553191489361764,0.0010845046213521226,-0.7434944237918215,0.029259883877398085,0.1312314230356142,0.007461460194560177,-0.23818291600587804,0.10387826270738665,0.008547008547008517,2024-06-10,0.24951537025513384,0.31777777777777777,12856,0.005119264185497574,Sell
128,2024-06-11,69549.414063,66123.601563,67332.03125,0.8019554208526942,-0.03136496113771259,0,0,0,0,0,0,0,0,0,1,0.002710381286022079,-0.014976754972006567,-0.0031032486049654695,0.1588420352108415,0.008634222919937207,-8.664514635592369e-05,11.623188405797102,0.0020581940328838755,-0.006803751052736118,-0.007225527488089911,-0.29160527331857033,0.01828451081753779,0.14406779661016955,2024-06-11,0.050380292125317534,0.1860620253164557,4724,-0.0019130287052048223,Buy
129,2024-06-12,69977.890625,66902.453125,68241.1875,-0.0705406302709819,0.013502581655740586,0,0,1,0,0,1,0,0,0,1,0.008503672803971796,0.1106520965350628,-0.0009087298017812495,0.23281735362447464,-0.06303501945525292,0.012351029252437806,-0.8484500574052813,0.00770215641329508,0.023536398686458737,0.035480877165465996,0.34618460830586395,0.02021246592084225,-0.03703703703703709,2024-06-12,0.1439486520773866,0.30378055555555555,6306,-0.03180242102897213,Sell
130,2024-06-13,68365.78125,66304.5625,66756.398438,-0.16066862069143772,-0.02175796049856249,0,0,0,0,0,0,0,1,0,1,0.0023446558133972673,-0.10912880661343882,-0.0016818821096081793,-0.2772719573134581,-0.00830564784053156,-0.015325363441780815,1.2575757575757578,0.0015287006369426592,-0.04544735249856491,0.03522367496542356,-0.1298102438291694,-0.027828971618134912,-0.01538461538461533,2024-06-13,0.15179741870175884,0.21660246913580244,7903,0.012552322307971098,Sell
131,2024-06-14,67294.648438,65056.894531,66011.09375,-0.05357653011796526,-0.011164543106563896,0,0,1,0,0,0,0,1,0,1,-0.00039386056525281266,-0.02598303865306284,-0.0014992432719836968,-0.20253127471947974,0.06030150753768848,0.013564016896199016,2.1812080536912752,-0.0021623759032418643,-0.20092121259402285,0.01751411143033632,0.1864789445521653,-0.03308056872037912,-0.0078125,2024-06-14,0.05998819832402236,0.23711619047619048,8592,-0.02274663075465666,Buy
132,2024-06-15,66402.1875,65871.773438,66191.0,-0.4846984035335993,0.0027253941690672523,0,0,1,0,0,0,0,1,0,0,0.0,0.0,0.0,0.0,0.0,0.0,0.0,0.0,0.0,0.0,0.0,3.91500833251642,-0.14960629921259838,2024-06-15,0.2357711667527104,0.25523999999999997,3874,-0.013282647716536422,Buy
133,2024-06-16,66894.84375,66018.25,66639.046875,-0.05949360774206003,0.006768999939568809,0,0,1,1,0,0,0,1,0,0,0.0,0.0,0.0,0.0,0.0,0.0,0.0,0.0,0.0,0.0,0.0,-0.35621684151741195,-0.01851851851851849,2024-06-16,0.08264184423910995,0.27520125,5303,0.0016191448379783147,Sell
134,2024-06-17,67188.320313,65094.964844,66490.296875,1.2593206045345169,-0.0022321747830370553,0,0,1,1,0,0,0,1,0,1,0.007664386414480084,0.002672560452503081,0.004896230087314324,0.2718221895664952,0.007109004739336511,-0.008149610019156595,-0.8839662447257384,0.023964373128019245,-0.4844626505632009,-0.0068244537903984215,-0.06729591711377592,-0.595018278703761,0.1132075471698113,2024-06-17,0.1995172852322865,0.3148091836734694,3853,0.0065588490390640075,Sell
135,2024-06-18,66556.703125,64066.957031,65140.746094,0.31576416527300366,-0.020296958269521936,0,0,0,1,1,0,0,1,0,1,0.0025213274520576867,0.027985637384565498,0.001463656283116288,-0.06334671712065632,-0.03529411764705881,0.007784120724288135,-0.6090909090909091,0.01543629987709938,0.11027909068671926,0.035119912509388174,0.020210090383370183,-0.17480110159118722,0.14406779661016955,2024-06-18,0.29289548199190174,0.2971104166666667,14077,-0.0020445467778540394,Sell
136,2024-06-19,65695.351563,64693.300781,64960.296875,-0.4654828738170824,-0.002770143570962613,0,0,0,0,1,0,0,1,0,0,0.0,0.0,0.0,0.0,0.0,0.0,0.0,0.0,0.0,0.0,0.0,0.013998331324742708,-0.12592592592592589,2024-06-19,0.022785769354320588,0.2637606382978724,12452,-0.021451199548623734,Sell
137,2024-06-20,66438.960938,64547.847656,64828.65625,0.21502130301938527,-0.00202647819256907,0,0,0,0,1,0,0,1,0,1,-0.002525931796085512,0.08541247570062604,0.007722503668780245,0.22435699747116522,0.0796747967479674,0.010041258146259446,3.2558139534883717,0.007355620939070828,1.9884300222444904,-0.03540347344145933,0.7591119781500746,0.007771073322362376,0.04237288135593231,2024-06-20,0.3321199204406365,0.34687475728155337,6536,0.0005011974210760162,Sell
138,2024-06-21,65007.546875,63378.894531,64096.199219,0.021335372520526086,-0.01129835281754743,0,0,0,0,1,0,0,1,0,0,-0.0015621303781622187,0.7607731618430698,0.0003977641696599754,1.06208911614317,-0.0060240963855421326,-0.01588926256327039,-0.5846994535519126,-0.01752458360775433,-0.30915412402883236,-0.032191459184825466,0.2659805040245793,-0.05152862197223984,-0.03252032520325199,2024-06-21,0.21902505907372397,0.2297059829059829,8464,-0.00042097190991707834,Buy
139,2024-06-22,64475.46875,63929.757813,64252.578125,-0.6235629240845799,0.002439753182020832,0,0,1,1,1,0,0,1,0,0,0.0,0.0,0.0,0.0,0.0,0.0,0.0,0.0,0.0,0.0,0.0,-0.08780487804878045,-0.134453781512605,2024-06-22,0.35673758452586884,0.35710933333333333,6359,-0.014449363993530584,Sell
140,2024-06-23,64491.703125,63180.796875,63180.796875,0.1331148860511724,-0.01668075089399379,0,0,0,0,1,0,0,1,0,0,0.0,0.0,0.0,0.0,0.0,0.0,0.0,0.0,0.0,0.0,0.0,0.02558456537695286,-0.01941747572815533,2024-06-23,0.15591607645875252,0.20939436619718307,4970,0.003828301463750794,Sell
141,2024-06-24,63292.527344,58601.699219,60277.414063,2.8630538097123073,-0.0459535643044231,0,0,1,1,1,0,0,1,1,1,-0.0030651718950951423,-0.45425758067849653,0.006663617535134003,-0.5432347588161286,0.009848484848484995,0.005871221971757823,0.30263157894736836,0.011148197281746652,-0.06456110154905337,-0.06684047562613571,-0.2737269077371295,0.18229219916163997,0.3465346534653466,2024-06-24,-0.024301045181466543,0.23428172043010753,12151,-0.009715257232337682,Buy
142,2024-06-25,62258.261719,60239.75,61804.640625,-0.32329613948710745,0.02533663040693468,0,0,1,1,1,0,0,1,0,1,0.003933590107651153,-0.028346520592412272,-0.007587962279830829,-0.0934107076001498,-0.03675918979744941,-0.00575103090128759,0.06060606060606055,-0.009800257618532204,0.052597103902555675,0.06756409222280846,-0.10560287559847914,-0.017727429955032847,-0.13970588235294112,2024-06-25,0.2547377360039403,0.2863092783505155,12182,-0.05379391654314292,Sell
143,2024-06-26,62434.136719,60695.1875,60811.277344,-0.2292785511897688,-0.016072632588016056,0,0,0,1,1,0,0,1,0,0,0.0015724310801426,-0.007806323010278504,0.0003998916177889722,-0.017433114067431643,-0.02258566978193144,-0.007511070648327234,8.39047619047619,0.0008660150719779214,0.07821338423566093,0.002458609008124668,-0.14751865660687546,-0.0804648296504974,-0.06837606837606836,2024-06-26,0.15938069986126097,0.39604799999999996,6487,0.03383692924957926,Buy
144,2024-06-27,62293.863281,60585.332031,61604.800781,-0.056618583734144634,0.013048951965129119,0,0,1,1,1,0,0,1,0,0,0.0009073212524721708,0.007185907652248025,0.0009266509304455273,0.0147403182227559,-0.024701195219123506,0.011003848964504348,0.5537525354969575,0.010383139421924925,-0.00670535974838693,-0.019066487040087288,-0.3041639954608557,-0.03331737673528001,0.07339449541284404,2024-06-27,-0.0584157097791798,0.18161724137931035,6340,-0.019124660398712523,Sell
145,2024-06-28,62126.097656,59985.402344,60320.136719,0.17526217577091296,-0.02085331087372344,0,0,0,0,1,0,0,1,0,1,-0.004083652634881529,1.0056163341718833,-0.0011540994631983326,1.0106801573917932,0.016339869281045694,0.0013766190578619053,-0.9399477806788512,-0.0024467458391667085,-0.15045276194579915,-0.0036293008086022427,0.24921636113626344,-0.10270377339803904,-0.017094017094017144,2024-06-28,0.015285557235124361,0.2595166666666667,7277,0.009513545011505364,Buy
146,2024-06-29,61097.621094,60300.964844,60887.378906,-0.4929278684341213,0.009403861096046295,0,0,1,1,1,0,0,1,0,0,0.0,0.0,0.0,0.0,0.0,0.0,0.0,0.0,0.0,0.0,0.0,-0.08565121412803534,-0.15652173913043477,2024-06-29,-0.14673819044391734,0.22463846153846154,5902,-0.020471723105409456,Buy
147,2024-06-30,62892.828125,60632.949219,62678.292969,0.36990111016571925,0.02941355162889958,1,0,1,1,0,0,1,0,0,1,0.0,0.0,0.0,0.0,0.0,0.0,0.0,0.0,0.0,0.0,0.0,0.061323032351521034,0.030927835051546282,2024-06-30,0.009274655013799451,0.3510427350427351,8696,0.011075400699634308,Buy
148,2024-07-01,63777.226563,62495.511719,62851.980469,0.4693386459070281,0.0027710949321146927,1,0,1,1,0,0,1,0,0,0,0.002675564062776692,-0.5153975013959846,0.0012950315221198494,-0.4905904683430691,-0.01768488745980701,-4.289771108911822e-05,1.5760869565217392,0.022565562637165026,0.3286353226872416,0.00615186978993143,-0.09708265838226626,0.08484986351228385,0.1200000000000001,2024-07-01,0.28158197802197804,0.35644631578947367,5005,0.022250174700523484,Sell
149,2024-07-02,63203.359375,61752.746094,62029.015625,-0.2087593537504806,-0.013093697889216216,1,0,0,1,0,0,1,0,0,0,0.006195317879061246,-0.0455204714569073,0.004144345755161094,-0.08327315790993906,-0.0155482815057284,-0.001976326605224177,-0.8734177215189873,-0.006836159996503888,0.06364451385273884,-0.013113475146094733,-0.23346748079491586,0.026525477039211598,-0.008928571428571397,2024-07-02,0.15985819299652498,0.2441767676767677,7482,0.00848246865612734,Sell
150,2024-07-03,62187.703125,59419.386719,60173.921875,0.47664089173653545,-0.02990687070088416,0,0,0,0,0,0,0,0,0,1,0.005084444426450396,-0.3454946770972537,-0.0006064185145667755,-0.36331841956014876,0.004987531172069959,0.015841605251829538,0.9666666666666666,0.012921133025507459,-0.21235660858050986,0.04573246182004498,-0.012020661800397514,0.021550403431723097,0.06306306306306309,2024-07-03,0.0672435063258456,0.2109840579710145,3873,-0.017078728138396726,Sell
151,2024-07-04,60399.675781,56777.804688,56977.703125,0.38286862790115705,-0.05311634426354228,0,0,0,0,1,0,0,1,1,1,0.0,0.0,0.0,0.0,0.0,0.0,0.0,0.0,0.0,0.0,0.0,-0.008298340331933662,0.09322033898305082,2024-07-04,0.06953474438293714,0.20392121212121211,18426,-0.028665701548836298,Sell
152,2024-07-05,57497.152344,53717.375,56662.375,0.3467331785157757,-0.005534237213954074,0,0,1,0,1,0,0,1,1,1,0.005448765019997026,0.4926014122699556,0.001726648366744632,0.6094917602810908,0.032258064516129004,0.01216202661414556,0.22033898305084754,-0.008583607841569196,0.24741356991214603,-0.019098823036317714,-0.007287635168645057,0.06532916624659735,0.13953488372093026,2024-07-05,-0.07038833350300315,0.057851677852349,19646,-0.09700211229273181,Buy
153,2024-07-06,58472.546875,56038.960938,58303.539063,-0.6280903288545775,0.028963912349244003,0,0,1,1,0,0,0,1,0,1,0.0,0.0,0.0,0.0,0.0,0.0,0.0,0.0,0.0,0.0,0.0,-0.1708148007949276,-0.24489795918367352,2024-07-06,0.40580235131396963,0.2535763440860215,10845,-0.08327242395007284,Sell
154,2024-07-07,58371.121094,55793.324219,55849.109375,-0.0027637159639120057,-0.04209743915112696,0,0,0,1,0,0,0,1,0,1,0.0,0.0,0.0,0.0,0.0,0.0,0.0,0.0,0.0,0.0,0.0,0.03926044282127372,-0.027027027027026973,2024-07-07,0.2433170894147655,0.25853763440860217,7057,0.025390866662606593,Buy
155,2024-07-08,58131.335938,54321.019531,56705.097656,0.9347766426858888,0.015326802711435272,0,0,1,1,0,0,0,1,0,1,0.0010166990995430503,-0.020721900475856758,-0.0007893674510921489,0.10174338160686291,-0.008814102564102644,-0.013941824994766594,-0.11111111111111116,-0.009980783550707972,-0.30325412265432794,0.018834895989273015,0.10972528757796707,0.09158796397979363,0.11111111111111116,2024-07-08,0.34377512112913416,0.30284714285714287,4747,-0.0211474757172202,Buy
156,2024-07-09,58239.195313,56316.875,58009.226563,-0.2996680424327235,0.022998442131454633,0,0,1,0,0,0,1,0,0,0,0.0007410717904439146,0.014832044750397788,-0.001342498314463425,0.00862357669122571,0.011317704122878025,0.0020805651757589416,-0.859375,-0.011174516915473776,0.18092019032942241,0.024805055182645752,0.20064726416868583,0.032696177062374154,-0.050000000000000044,2024-07-09,-0.18506531035376447,0.17918333333333333,7717,-0.21211962670901285,Sell
157,2024-07-10,59359.433594,57178.414063,57742.496094,-0.06011782341135752,-0.004598069734826016,0,0,0,1,0,0,1,0,0,0,0.010208065333596528,0.031915420115561144,0.010928203362169375,-0.07534379236877786,0.027178257394084637,0.005126838904101483,1.1111111111111112,0.008475543128581675,0.12462793239720837,0.026868616727484307,-0.1275131707775191,0.07296639064783239,0.0,2024-07-10,-0.023847679640718555,0.200915,6680,0.018462970004345935,Sell
158,2024-07-11,59299.433594,57120.378906,57344.914063,0.09675331840477441,-0.006885432010988457,0,0,0,1,0,0,1,0,0,0,-0.008763028808228546,0.2052846137705704,0.0008154460348199777,0.08184212101262789,0.005447470817120603,0.018042344610098127,2.789473684210526,0.006333800397900102,-0.030534122854237733,-0.0556667539643686,0.5052807751348911,0.06219357181768648,0.01754385964912286,2024-07-11,0.10854169668088878,0.22932460317460318,18047,-0.004617334342424284,Buy
159,2024-07-12,58532.554688,56590.175781,57899.464844,-0.10808902826834355,0.009670444015153157,1,0,1,1,0,0,1,0,0,0,0.005517027147237785,-0.07974981036819662,0.00621698425934647,-0.09888529306005034,-0.035603715170278605,-0.00041407867494824835,0.0,-0.0049625270529219945,0.0,0.014442723478136132,-0.3273352798835165,-0.15163689204205488,-0.0431034482758621,2024-07-12,-0.01992452210851515,0.12048,10358,-0.0002779887854499341,Buy
160,2024-07-13,59787.078125,57796.441406,59231.953125,-0.33293529637977326,0.023013827236402884,1,0,1,1,0,0,1,0,0,0,0.0,0.0,0.0,0.0,0.0,0.0,0.0,0.0,0.0,0.0,0.0,-0.12574307304785892,-0.07207207207207211,2024-07-13,0.07480192329839917,0.2298255319148936,8683,0.007150961477718765,Buy
161,2024-07-14,61329.527344,59225.25,60787.792969,0.301132063421059,0.026266900919452052,1,0,1,1,0,1,1,0,0,0,0.0,0.0,0.0,0.0,0.0,0.0,0.0,0.0,0.0,0.0,0.0,0.15097383888440707,0.14563106796116498,2024-07-14,0.3066435743896822,0.3599688888888889,2171,0.017834046655698765,Buy
162,2024-07-15,64870.152344,60704.929688,64870.152344,0.7141615849892808,0.06715755212698515,1,1,1,1,0,1,1,0,0,1,0.002826202591651894,-0.021568638049012545,0.005270389422046717,-0.05187549880287312,0.052969502407704594,0.0036867862468932255,6.5,-0.0036491303205099523,-0.0852947527531851,-0.006190057018335748,-0.17364681354572797,0.030239311104435673,0.10169491525423724,2024-07-15,0.01841600787520824,0.2533238095238095,6603,0.046218689600931784,Buy
163,2024-07-16,65354.339844,62487.96875,65097.148438,0.0924757709242765,0.0034992378743965435,1,1,0,1,0,1,1,0,0,1,0.006389375415324583,0.11636334509055457,0.018471275093159267,-0.008061383061383043,0.005335365853658569,0.016302778322536016,-0.8277777777777777,-0.01403982351166777,0.03934304600026972,-0.01619433951737248,0.030928899005501886,0.022645543784624467,0.03076923076923066,2024-07-16,-0.021236373409783193,0.16186973684210526,5581,0.03927486285888171,Sell
164,2024-07-17,66066.734375,63896.085938,64118.792969,-0.21847321280921117,-0.015029160147188358,1,1,0,0,0,1,1,0,0,0,-0.01392754310490707,0.050643778947785156,0.00594800991760569,0.4147002186755442,0.09780136467020473,-0.0030863601780634076,0.0,0.025879097922756333,0.0,-0.06623933945679528,0.8040457327506931,0.012545143508838619,-0.05970149253731338,2024-07-17,0.03330307505211953,0.17475416666666665,5756,0.009232269291142625,Sell
