Tomorrow,Date,Price,Change %,Volume_pct_change,Gold_pct_change,Gold_Volume_pct_change,SNP_pct_change,VIX_pct_change,VIX_pct_change_pct_change,Wikipedia_Views_pct_change,Google_Trends_pct_change,TVL_pct_change,weighted_sentiment_pct_change,MA_td,3MA_td,%K_td,%D_td,RSI_td,Momentum_td,MACD_td,CCI_td,bollinger_bands_td
1,2024-01-01,44183.4,0.0452,,-0.005600000000000001,,-0.0028000000000000004,-0.0016,,,,,,0,0,0,0,0,0,0,0,
0,2024-01-02,44943.7,0.0172,169.53168044077134,0.0008,49.03518728717366,-0.005699999999999999,0.0602,-3862.499999999999,45.45597237482342,56.25,3.426250477377457,,0,0,0,0,0,0,1,0,
1,2024-01-03,42836.1,-0.046900000000000004,20.24734260016354,-0.0148,40.69560802234069,-0.008,0.0636,5.6478405315614655,70.07661594906658,6.000000000000005,2.9603249262317277,,0,0,0,0,0,0,0,0,
0,2024-01-04,44157.0,0.0308,-42.15894602634934,0.0034999999999999996,-41.239624684229526,-0.0034000000000000002,0.0064,-89.937106918239,-42.180064716705786,-20.75471698113207,-4.965944919524523,0.0,0,0,0,0,0,0,1,0,
0,2024-01-05,44156.9,0.0,0.029390154298303273,-0.0001,64.80884385076004,0.0018,-0.0552,-962.5,-20.86030944804126,2.3809523809523725,3.10903845243522,0.0,0,0,0,0,0,0,1,0,
0,2024-01-06,43967.9,-0.0043,-64.36021742324078,-0.0001,0.0,0.0018,-0.0552,0.0,12.714919578480322,-16.279069767441857,-0.5257161375122221,0.0,0,0,0,0,0,0,0,0,
1,2024-01-07,43927.3,-0.0009,21.723000824402305,-0.0001,0.0,0.0018,-0.0552,0.0,-6.323040964448268,-5.555555555555558,-1.0752031928684236,0.0,0,0,0,0,0,0,0,0,
0,2024-01-08,46962.2,0.0691,249.10260751777855,-0.008,2.9392584311533465,0.0141,-0.0202,-63.40579710144927,37.60998030203546,44.11764705882353,-0.1546001624140647,0.0,0,0,0,0,0,0,1,0,
1,2024-01-09,46129.0,-0.0177,-2.910078572121444,-0.0002,-1.0136205258156505,-0.0015,-0.0245,21.287128712871308,-13.589082927760288,12.244897959183664,7.258677371689681,0.0,0,0,0,0,0,0,1,0,
0,2024-01-10,46629.3,0.0108,31.361774403037266,-0.0026,-6.281142857142852,0.005699999999999999,-0.0055000000000000005,-77.55102040816327,13.362782992821653,54.54545454545454,-1.7802726714708395,0.0,1,0,0,0,0,0,1,0,
0,2024-01-11,46348.2,-0.006,-0.33465165804685837,-0.0042,46.987951807228924,-0.0007000000000000001,-0.0197,258.18181818181813,52.8300048709206,3.529411764705892,-2.963094108547515,0.0,1,0,0,0,0,1,1,0,
1,2024-01-12,42835.9,-0.0758,4.487179487179493,0.016,-9.620362381363245,0.0008,0.0209,-206.09137055837562,-10.696073431922493,-34.09090909090909,-0.09762213712518619,0.0,0,0,0,0,0,0,0,0,
0,2024-01-13,42851.3,0.0004,-64.81156879929885,0.016,0.0,0.0008,0.0209,0.0,-25.403283369022123,-22.413793103448278,-7.780514361183344,0.0,0,0,0,0,0,1,0,0,
1,2024-01-14,41746.1,-0.0258,-22.914072229140725,0.016,0.0,0.0008,0.0209,0.0,-16.381207539948328,-15.555555555555555,2.6379701848546544,0.0,0,0,0,0,0,0,0,0,
1,2024-01-15,42510.7,0.0183,40.226171243941835,-0.0104,4.7365522305856445,0.0008,0.0433,107.177033492823,15.242018537590107,5.263157894736836,-3.9496399411505068,0.0,0,0,1,0,0,0,0,0,
0,2024-01-16,43145.5,0.0149,22.753456221198153,-0.0104,0.0,-0.0037,0.044500000000000005,2.771362586605086,-10.40611657233641,-7.499999999999996,1.5133523728605658,0.0,0,0,1,1,0,0,0,0,
0,2024-01-17,42768.7,-0.0087,-21.101204442358835,-0.011699999999999999,-10.853637160385631,-0.005600000000000001,0.06860000000000001,54.15730337078652,-13.576415826221877,-8.108108108108103,1.5886557202805296,0.0,0,0,0,1,0,0,0,0,
1,2024-01-18,41292.7,-0.0345,39.472640761300546,0.0075,-32.388218176098164,0.0088,-0.0446,-165.0145772594752,-11.438830469351114,5.882352941176472,-1.6597591962249192,0.0,0,0,0,0,0,0,0,0,
1,2024-01-19,41648.0,0.0086,3.2551528073916147,0.0038,0.5118362124120202,0.0123,-0.0587,31.614349775784767,30.306979438169712,2.777777777777768,-3.5736481406046683,0.0,0,0,1,0,0,0,0,0,
0,2024-01-20,41695.4,0.0011,-69.3419603524229,0.0038,0.0,0.0123,-0.0587,0.0,-15.868429825536168,-18.918918918918916,1.1131129808318319,0.0,0,0,1,1,0,0,0,1,
0,2024-01-21,41583.2,-0.0027,-27.660529860799276,0.0038,0.0,0.0123,-0.0587,0.0,-13.591335358605205,-3.3333333333333326,-0.5229040288463604,0.0,0,0,1,1,0,0,0,0,
1,2024-01-22,39556.4,-0.0487,428.24332712600864,-0.0034999999999999996,-11.602337827672004,0.0022,-0.0083,-85.8603066439523,6.31305411189238,24.13793103448276,0.7501558338244285,0.0,0,0,0,0,1,0,0,1,
1,2024-01-23,39888.8,0.0084,-2.8554641598119823,0.0018,2.579209217072531,0.0029,-0.048499999999999995,484.33734939759023,-3.8102084831056815,8.333333333333325,-4.284874783721704,0.0,0,0,1,1,1,0,0,1,
0,2024-01-24,40086.0,0.0049,-29.06737631547115,-0.0048,49.62348436502872,0.0008,0.047,-196.9072164948454,-12.855007473841551,-15.384615384615385,-0.7653763748929121,0.0,0,0,1,1,1,0,0,1,
1,2024-01-25,39935.7,-0.0037,-21.04365620736699,0.0009,-16.117887912650342,0.0053,0.0236,-49.787234042553195,-0.9605488850771837,-3.0303030303030276,2.1197979199363504,0.0,0,0,0,1,1,0,0,1,
1,2024-01-26,41811.3,0.047,50.04319654427645,-0.0002,-39.1925560583719,-0.0007000000000000001,-0.0141,-159.74576271186442,1.1950121233113897,-3.125,-3.213999000456702,0.0,1,0,1,1,0,0,1,0,
0,2024-01-27,42120.9,0.0074,-70.5484381747517,-0.0002,0.0,-0.0007000000000000001,-0.0141,0.0,-8.608591476980997,-19.354838709677423,5.3757584176897355,0.0,1,0,1,1,0,0,1,0,
1,2024-01-28,42030.7,-0.0021,58.99315738025415,-0.0002,0.0,-0.0007000000000000001,-0.0141,0.0,-3.5580524344569264,0.0,0.1818897290555732,0.0,1,0,0,1,0,1,1,0,
0,2024-01-29,43299.8,0.0302,39.04088533661236,0.004,26.02224266242996,0.0076,0.0256,-281.56028368794324,14.174757281553397,15.999999999999993,3.537955944657223,0.0,1,0,1,1,0,1,1,0,
0,2024-01-30,42946.2,-0.008199999999999999,21.88812734910457,0.0126,42.38603941344303,-0.0006,-0.0213,-183.203125,23.11224489795918,3.4482758620689724,2.5284734409005694,0.0,1,1,0,1,0,1,1,0,
1,2024-01-31,42580.5,-0.0085,2.448757482314523,0.008,11.081597464933136,-0.0161,0.0781,-466.6666666666667,-13.952203343003177,-6.666666666666665,0.39151283572225193,0.0,1,0,0,0,0,1,1,0,
1,2024-02-01,43081.4,0.0118,-15.563031161473084,0.0018,9.460083064143987,0.0125,-0.032799999999999996,-141.99743918053778,-6.020227965965641,-10.71428571428571,-0.7616926218354081,0.0,1,1,1,0,0,1,1,0,
0,2024-02-02,43194.7,0.0026,-10.568253302579155,-0.0084,-15.759619806837355,0.010700000000000001,-0.0022,-93.29268292682926,-2.2890331397335206,4.0000000000000036,1.76959423067784,0.0,1,1,0,1,0,1,1,0,
0,2024-02-03,43005.7,-0.0044,-65.8382180539273,-0.0084,0.0,0.010700000000000001,-0.0022,0.0,8.461538461538453,-15.384615384615385,-0.2534806481308105,-240.472068561973,1,1,0,1,0,1,1,0,
1,2024-02-04,42581.4,-0.009899999999999999,39.53328757721346,-0.0084,0.0,0.010700000000000001,-0.0022,0.0,9.30045132172792,4.545454545454541,-0.8992811900969677,-160.16550860338452,0,0,0,0,0,1,1,0,
1,2024-02-05,42697.2,0.0027,93.11362518445647,-0.0053,-22.46132848043676,-0.0032,-0.013000000000000001,490.90909090909093,2.2120631175342798,8.695652173913038,-1.053852978015224,-68.75970210129303,0,1,0,0,-1,1,1,0,
1,2024-02-06,43087.7,0.0091,-15.129903209373408,0.0042,-25.846388546617383,0.0023,-0.0446,243.07692307692307,29.21656326648392,0.0,-0.2254649664636732,-342.7232935301264,1,1,1,0,-1,1,1,0,
1,2024-02-07,44339.8,0.0291,45.76830732292918,0.0001,-0.5934483304320337,0.008199999999999999,-0.0176,-60.53811659192825,-23.849933005806168,0.0,1.8551887102875364,-120.59043278259432,1,1,1,1,-1,1,1,-1,
1,2024-02-08,45293.3,0.0215,36.66872555075149,-0.0019,9.114065111836345,0.0006,-0.0031,-82.38636363636364,16.950146627565978,15.999999999999993,0.899996673489345,243.1595078240634,1,1,0,1,-1,1,1,-1,0.0
1,2024-02-09,47127.5,0.0405,47.80054233202773,-0.0045000000000000005,-15.355996498395097,0.005699999999999999,0.0109,-451.6129032258064,-12.562688064192573,27.586206896551737,2.1770730701346386,-66.51822099398868,1,1,0,1,-1,1,1,-1,0.0
1,2024-02-10,47758.2,0.0134,-68.19896035062685,-0.0045000000000000005,0.0,0.005699999999999999,0.0109,0.0,-13.191855463148839,-18.918918918918916,4.704121568173836,466.328065240168,1,1,1,0,-1,1,1,-1,0.0
1,2024-02-11,48277.3,0.0109,16.987179487179493,-0.0045000000000000005,0.0,0.005699999999999999,0.0109,0.0,-0.06607201850016287,10.000000000000009,1.08469450182469,-164.52410126600347,1,1,1,1,-1,1,1,-1,0.0
0,2024-02-12,49941.3,0.0345,124.24657534246575,-0.0028000000000000004,0.0,-0.0009,0.07730000000000001,609.1743119266056,24.01652892561983,30.303030303030297,1.6206082610735084,-264.80206584783554,1,1,0,1,-1,1,1,-1,0.0
1,2024-02-13,49716.0,-0.0045000000000000005,-4.080635308491143,-0.0127,87.51185038352149,-0.0137,0.1378,78.26649417852522,44.46221511395443,6.976744186046502,2.6512115704784955,-31.528894485297844,1,1,0,0,-1,1,1,-1,0.0
1,2024-02-14,51782.4,0.0416,2.3436504903833866,-0.0014000000000000002,-11.012547685802264,0.0096,-0.09269999999999999,-167.27140783744557,-14.300212196697116,2.1739130434782705,-0.40891538216649703,-23.776199707347555,1,1,1,1,-1,1,1,-1,0.0
1,2024-02-15,51901.3,0.0023,-7.0068450528935955,0.0053,5.495583905789991,0.0058,-0.025699999999999997,-72.27615965480044,8.063300678221562,-2.127659574468088,5.362797647872108,107.60079953810116,1,1,0,0,-1,1,1,-1,0.0
0,2024-02-16,52134.2,0.0045000000000000005,-29.255888650963602,0.0046,-20.509179926560584,-0.0048,0.016399999999999998,-163.81322957198444,-22.28531579996015,-13.043478260869568,-0.2310462797337598,-89.52661664716221,1,1,1,1,-1,1,1,-1,0.0
1,2024-02-17,51646.0,-0.009399999999999999,-38.61142640938326,0.0046,0.0,-0.0048,0.016399999999999998,0.0,-19.843609793616203,-17.500000000000004,0.45632752252100506,1032.3733870587953,1,1,0,0,-1,1,1,-1,0.0
0,2024-02-18,52117.5,0.0091,-17.13405238828969,0.0046,0.0,-0.0048,0.016399999999999998,0.0,24.932032624340316,-6.060606060606055,56.61592251511234,-46.89259294529763,1,1,1,0,-1,1,1,-1,0.0
1,2024-02-19,51783.6,-0.0064,36.59352919300856,0.0078000000000000005,24.679724069967968,-0.0048,0.033,101.219512195122,11.085509472606248,12.903225806451623,1.1289392570855483,-47.0962753726173,1,1,0,0,-1,1,0,0,0.0
0,2024-02-20,52263.5,0.009300000000000001,85.40702423087394,0.0078000000000000005,0.0,-0.006,0.0483,46.36363636363636,9.714219866328655,-2.857142857142858,-0.4085280319992224,-31.17741492079552,1,1,1,1,-1,1,1,0,0.0
0,2024-02-21,51858.2,-0.0078000000000000005,-13.33333333333333,-0.0027,-40.42385021982907,0.0013,-0.0052,-110.76604554865423,-11.784476420544065,2.941176470588225,-1.325565182305899,480.11824438448053,1,1,0,0,-1,1,0,0,0.0
0,2024-02-22,51320.4,-0.0104,-14.825482887156893,-0.0018,22.6782752902156,0.021099999999999997,-0.052199999999999996,903.8461538461538,18.430765567329455,-5.714285714285716,-1.2752679826697144,-153.15426521116854,0,1,0,0,-1,1,0,0,0.0
1,2024-02-23,50740.5,-0.0113,-13.92480604734434,0.0092,43.31192970598175,0.0003,-0.054299999999999994,4.022988505747116,-2.302201668844883,-9.090909090909093,0.04912403519117259,-142.4440951368499,0,1,0,0,-1,1,0,0,0.0
1,2024-02-24,51571.6,0.016399999999999998,-51.49064016639704,0.0092,0.0,0.0003,-0.054299999999999994,0.0,-18.378267133154967,-9.999999999999998,-2.7263043387912966,-29.38028721365559,0,1,1,0,-1,0,0,0,0.0
1,2024-02-25,51722.7,0.0029,12.482134349690321,0.0092,0.0,0.0003,-0.054299999999999994,0.0,4.122541603630858,3.703703703703698,2.07727142120111,402.9078930621365,1,1,1,0,-1,0,0,0,0.0
1,2024-02-26,54495.1,0.0536,230.58026260059296,-0.0051,-39.15012026600009,-0.0038,-0.0007000000000000001,-98.71086556169429,24.70032691609154,32.14285714285714,0.5704888618543125,-83.55886167773807,1,1,1,1,-1,1,1,-1,0.0
1,2024-02-27,57056.2,0.047,28.737988468930165,0.0026,15.315454968221974,0.0017000000000000001,-0.0226,3128.5714285714275,40.26604524711137,64.86486486486487,5.945568193846595,336.4231356358,1,1,1,1,-1,1,1,-1,0.0
0,2024-02-28,62467.6,0.09480000000000001,72.81050955414013,-0.0007000000000000001,-7.863960209705601,-0.0017000000000000001,0.0305,-234.95575221238937,41.74858092205456,60.65573770491803,4.351257173815792,54.579799558515,1,1,0,1,-1,1,1,-1,0.0
1,2024-02-29,61169.3,-0.0208,-31.300391614835288,0.0059,65.64779690691567,0.0052,-0.0318,-204.26229508196724,-19.15319626898472,-13.265306122448983,7.029244519621658,-97.12151516006978,1,1,0,0,-1,1,1,-1,0.0
0,2024-03-01,62397.7,0.020099999999999996,-37.161539106379415,0.02,45.58946580349672,0.008,-0.0216,-32.07547169811321,-26.239806704922984,-30.58823529411765,-1.5053712809356634,323.2019834879126,1,1,1,0,-1,1,1,-1,0.0
1,2024-03-02,61994.5,-0.006500000000000001,-54.90928495197438,0.02,0.0,0.008,-0.0216,0.0,-13.446892146425348,-16.94915254237288,2.6376818022989523,-184.06752177734126,1,1,0,0,-1,1,1,-1,0.0
1,2024-03-03,63135.8,0.0184,12.455621301775155,0.02,0.0,0.008,-0.0216,0.0,-3.434572807266534,-2.0408163265306145,1.3178426736272897,914.7619068607021,1,1,1,1,-1,1,1,-1,0.0
0,2024-03-04,68270.1,0.08130000000000001,244.27782162588798,0.0146,-0.7078254030672415,-0.0012,0.028999999999999998,-234.25925925925927,47.1095434058397,81.25,2.4597383687052776,-155.10509107567864,1,1,1,1,-1,1,1,-1,0.0
1,2024-03-05,63792.6,-0.06559999999999999,58.6428243924805,0.0073,-13.739527798933738,-0.0102,0.0719,147.93103448275863,9.710936459304653,14.942528735632177,7.570337026480312,-34.326927550444175,1,1,0,0,-1,1,0,-1,0.0
1,2024-03-06,66080.4,0.0359,-43.203275529865124,0.0076,12.929542645241042,0.0051,0.0028000000000000004,-96.105702364395,4.747450218552696,-21.999999999999996,-8.000049007136989,161.45414877827403,1,1,1,0,-1,1,1,-1,0.0
1,2024-03-07,66855.3,0.011699999999999999,-34.297345432957336,0.0032,-16.249687265449086,0.0103,-0.0040999999999999995,-246.4285714285714,-4.822070244580967,-19.23076923076923,2.816863032926209,-11.909512438278568,1,1,1,0,-1,1,1,-1,0.0
1,2024-03-08,68172.0,0.0197,45.43694333290307,0.009399999999999999,45.51157580283793,-0.006500000000000001,0.0208,-607.3170731707318,-7.228108634758246,4.761904761904767,2.1295303264381005,-86.65032282448776,1,1,1,1,-1,1,1,-1,0.0
1,2024-03-09,68366.5,0.0029,-72.74340995828526,0.009399999999999999,0.0,-0.006500000000000001,0.0208,0.0,-7.325237938956352,-13.636363636363635,2.818663057667825,283.4905442499411,1,1,0,1,-1,1,1,-1,0.0
1,2024-03-10,68964.8,0.0088,74.17779225008141,0.009399999999999999,0.0,-0.006500000000000001,0.0208,0.0,-4.497485657624479,-1.7543859649122862,0.6131491775477116,94.08061572047006,1,1,1,1,-1,1,1,-1,0.0
0,2024-03-11,72099.1,0.0454,114.46999439147505,0.0014000000000000002,-37.78998152330117,-0.0011,0.0326,56.730769230769226,41.36013052506675,50.0,0.5610571495123562,-5.017202772133322,1,1,1,1,-1,1,1,-1,0.0
1,2024-03-12,71470.2,-0.0087,-8.394351464435147,-0.0103,30.45540796963946,0.011200000000000002,-0.0907,-378.22085889570553,-14.57950789570327,-15.476190476190476,4.686190418122216,-51.11173380565954,1,1,0,1,-1,1,1,-1,0.0
0,2024-03-13,73066.3,0.0223,-26.558188219621282,0.0068000000000000005,-26.55494071146245,-0.0019,-0.006500000000000001,-92.8335170893054,-10.797199361257825,0.0,5.4993117505504285,-104.54805986058162,1,1,1,1,-1,1,1,-1,0.0
0,2024-03-14,71387.5,-0.023,41.785436641617004,-0.0060999999999999995,-10.780557110259615,-0.0029,0.0473,-827.6923076923076,-22.204626824566233,-12.676056338028175,1.2748830366715591,-158.31208032793782,1,1,0,0,-1,1,0,0,0.0
0,2024-03-15,69463.7,-0.0269,35.785433610527285,-0.0028000000000000004,-9.35192780968006,-0.006500000000000001,0.0007000000000000001,-98.5200845665962,-6.620054872112579,14.516129032258075,-2.4419718446313854,-215.6544391171373,0,1,0,0,0,1,0,0,0.0
1,2024-03-16,65314.2,-0.059699999999999996,-48.97368598156,-0.0028000000000000004,0.0,-0.006500000000000001,0.0007000000000000001,0.0,-18.358449436072412,-22.535211267605636,-3.971736045893859,-6286.722320242261,0,1,0,0,0,0,0,0,0.0
0,2024-03-17,68391.2,0.0471,-12.859403851226592,-0.0028000000000000004,0.0,-0.006500000000000001,0.0007000000000000001,0.0,34.57162758300441,-3.6363636363636376,-7.085037195739119,-66.18585325760358,0,1,1,0,0,1,0,0,0.0
0,2024-03-18,67594.1,-0.011699999999999999,18.16255486605116,0.0013,12.781474580782536,0.0063,-0.005600000000000001,-900.0,2.406832298136652,1.8867924528301883,4.371224724357559,34.8998593366495,0,1,0,0,0,0,0,0,0.0
1,2024-03-19,62050.0,-0.08199999999999999,89.67593185602665,-0.0021,-15.906730860001883,0.005600000000000001,-0.0356,535.7142857142856,17.589082638362385,20.370370370370374,-1.5649109685128115,-30.23892766719365,0,0,0,1,0,0,0,0,0.0
0,2024-03-20,67854.0,0.0935,-9.825769854132904,0.0006,31.10125729681186,0.0089,-0.0564,58.42696629213482,-24.7725481768035,-4.61538461538461,-8.89430015212822,0.4577274460713987,0,1,1,1,0,0,0,0,0.0
0,2024-03-21,65503.8,-0.0346,-43.63813375271475,0.011000000000000001,67.72273836537227,0.0032,-0.0092,-83.68794326241135,-17.131701742691174,-12.903225806451612,9.739741640265898,-50.61163280228591,0,1,0,1,0,0,0,0,0.0
1,2024-03-22,63785.5,-0.0262,-3.7602976348657946,-0.0113,-47.4639438417358,-0.0014000000000000002,0.0108,-217.39130434782606,-2.148931280165478,-12.962962962962965,-41.89309016410744,-2.5071195278423164,0,0,0,1,0,0,0,0,0.0
1,2024-03-23,64037.8,0.004,-51.525610934695564,-0.0113,0.0,-0.0014000000000000002,0.0108,0.0,-19.964768056371106,-12.765957446808507,-3.279492011477869,215.2996686967182,0,0,1,0,0,0,0,0,0.0
1,2024-03-24,67211.9,0.0496,86.81287382512105,-0.0113,0.0,-0.0014000000000000002,0.0108,0.0,4.181951577402798,0.0,0.28809937462723756,93.804324984978,1,1,1,1,0,0,0,0,0.0
1,2024-03-25,69892.0,0.039900000000000005,90.15093764293339,0.0076,2.818133229677855,-0.0031,0.01,-7.4074074074074066,54.60563380281691,29.268292682926834,4.462037933443619,-9.758193047897512,1,1,1,1,0,1,1,0,0.0
0,2024-03-26,69999.3,0.0015,-27.052597819114823,0.0004,-4.366523321204097,-0.0028000000000000004,0.0038,-62.0,-6.7595882299353205,-3.7735849056603765,75.88088475306269,-76.56748869599534,1,1,0,1,0,1,1,0,0.0
1,2024-03-27,69442.4,-0.008,24.071224444932948,0.0163,-5.39111528388595,0.0086,-0.0347,-1013.1578947368421,-15.105031753786024,-7.843137254901967,0.5500781942954225,369.5028460294566,1,1,0,1,0,1,1,0,0.0
0,2024-03-28,70762.1,0.019,-35.78136073706592,0.0116,30.706152721195036,0.0011,0.018000000000000002,-151.87319884726224,10.093221314305435,0.0,-2.180730098932704,-119.77940681152819,1,1,1,1,0,1,1,0,0.0
0,2024-03-29,69871.7,-0.0126,-18.623258380466268,0.0116,0.0,0.0011,0.0,-100.0,-15.387831904662342,-8.510638297872342,2.851416190888334,-218.87634131013644,1,1,0,0,0,1,0,0,0.0
1,2024-03-30,69611.5,-0.0037,-49.364299033734525,0.0116,0.0,0.0011,0.0,,-11.119347664936985,-13.953488372093027,-1.2663933083677748,181.8001920557823,1,1,0,0,0,1,0,0,0.0
0,2024-03-31,71332.0,0.024700000000000003,42.11583528624037,0.0116,0.0,0.0011,0.0,,-6.8668334723380635,10.81081081081081,0.6665818967129367,-111.67936221908788,1,1,1,1,0,1,1,0,0.0
0,2024-04-01,69664.4,-0.023399999999999997,121.55477031802123,0.0084,-11.780219780219781,-0.002,0.0492,inf,11.880597014925364,7.317073170731714,2.0510240922002376,-3274.8673310596714,1,1,0,0,0,1,0,0,0.0
1,2024-04-02,65439.2,-0.060700000000000004,62.54120148856992,0.0109,25.574126919418404,-0.0072,0.0703,42.88617886178863,-9.25827107790822,18.181818181818187,-4.024937052289657,-94.31008240293619,0,0,0,0,0,1,0,0,0.0
1,2024-04-03,65963.0,0.008,-42.133839209786096,0.014499999999999999,-8.173718573026012,0.0011,-0.0192,-127.31152204836415,0.42634519259041603,-15.384615384615385,54.82744428094901,-136.30620221492578,0,0,0,0,0,0,0,0,0.0
0,2024-04-04,68496.5,0.0384,13.384580601401774,-0.0028000000000000004,-7.204305299131875,-0.0123,0.141,-834.375,22.28077880251793,-6.818181818181824,4.200305977575547,-19.921343709929772,0,1,1,0,0,0,0,0,0.0
1,2024-04-05,67830.6,-0.0097,-11.296111665004982,0.016,24.120560470727682,0.0111,-0.0196,-113.90070921985816,-18.819585777564953,0.0,2.626689099599533,-2762.2433946928886,0,0,0,1,0,0,0,0,0.0
1,2024-04-06,68890.6,0.015600000000000001,-53.37754299201978,0.016,0.0,0.0111,-0.0196,0.0,-8.627046158383722,-14.634146341463417,-0.4877657188310902,12.091754901696383,1,1,1,1,0,0,0,0,0.0
1,2024-04-07,69360.4,0.0068000000000000005,13.28351012536162,0.016,0.0,0.0111,-0.0196,0.0,-3.066494512588769,5.714285714285716,1.7977804372475648,-37.81971348043721,1,1,1,1,0,0,1,0,0.0
0,2024-04-08,71630.1,0.0327,125.11172589912749,0.0024,-2.6056410081511494,-0.0004,-0.0524,167.3469387755102,4.9950049950050035,29.729729729729737,1.204369209979217,34.11814948887799,1,1,1,1,0,1,1,-1,0.0
1,2024-04-09,69148.0,-0.0347,-11.429381735677824,0.0048,-2.08705396225094,0.0014000000000000002,-0.0138,-73.66412213740459,-4.551221059308597,-10.416666666666663,3.6248274435726424,127.29159128041267,1,1,0,0,0,0,0,0,0.0
0,2024-04-10,70622.1,0.0213,4.290746077489582,-0.0059,26.551267837344874,-0.0095,0.0547,-496.37681159420293,-2.525336434623693,-2.3255813953488413,-3.438753294863861,-111.21971409191032,1,1,1,1,0,0,1,0,0.0
0,2024-04-11,70011.6,-0.0086,-25.79060485108996,0.0103,-26.403843436484376,0.0074,-0.056299999999999996,-202.92504570383915,1.9430714163968021,2.3809523809523725,4.384754710724859,-603.358740920486,1,1,0,0,0,1,0,0,0.0
0,2024-04-12,67151.9,-0.0408,81.82319680044132,0.0006,84.27540127486365,-0.0146,0.161,-385.968028419183,32.53636515632839,6.976744186046502,-0.6469238029146118,-41.86845133823398,0,0,0,0,0,1,0,0,0.0
1,2024-04-13,63849.9,-0.0492,13.379854368932032,0.0006,0.0,-0.0146,0.161,0.0,-18.304528825532984,13.043478260869556,-6.329417876106847,-85.44459107362756,0,0,0,0,0,0,0,1,1.0
0,2024-04-14,65697.4,0.028900000000000002,-10.088306127910085,0.0006,0.0,-0.0146,0.161,0.0,10.392217418159365,13.461538461538458,-7.165716332026728,-1937.2190694801152,0,0,1,0,0,0,0,1,1.0
1,2024-04-15,63411.9,-0.0348,-11.614583333333329,0.0037,-29.856842193002564,-0.012,0.1109,-31.118012422360252,-2.196111344243945,-11.864406779661019,4.420401284181641,-67.60618940062815,0,0,0,0,0,0,0,1,1.0
0,2024-04-16,63805.3,0.0062,-3.2241771192861313,0.0104,-13.638929324737825,-0.0021,-0.0432,-138.95401262398556,-5.5778032036613245,-3.8461538461538436,-3.873632992076237,-282.31084758532495,0,0,1,0,0,0,0,1,1.0
1,2024-04-17,61278.9,-0.039599999999999996,3.4446764091857984,-0.008100000000000001,-3.835569315445475,-0.0058,-0.0103,-76.1574074074074,2.938503483792787,4.0000000000000036,1.0748878235842252,-140.09000462474302,0,0,0,0,0,0,0,1,1.0
1,2024-04-18,63481.4,0.0359,-18.11301715438951,0.004,-30.069754963333928,-0.0022,-0.0115,11.650485436893199,11.8599175985874,5.769230769230771,-3.8310573559689476,-219.23244783396862,0,0,1,1,0,0,0,1,1.0
1,2024-04-19,63799.1,0.005,54.38488395974532,0.0066,35.23453885109213,-0.0088,0.0394,-442.6086956521739,6.143120231518018,49.09090909090909,3.3297239170540838,69.17445678975828,0,0,1,1,0,0,0,1,1.0
0,2024-04-20,64961.1,0.0182,-67.18770786217907,0.0066,0.0,-0.0088,0.0394,0.0,32.03618787953897,-10.97560975609756,1.9244833363001312,-85.72456967085105,1,0,1,1,0,0,1,0,1.0
1,2024-04-21,64940.2,-0.0003,-14.818568822217715,0.0066,0.0,-0.0088,0.0394,0.0,-20.874788811713906,-42.465753424657535,2.2042073502620996,-95.62221495572595,1,0,0,1,0,0,1,0,1.0
0,2024-04-22,66829.3,0.0291,72.06092336982391,-0.0279,-3.120626394825432,0.0087,-0.0946,-340.1015228426396,-0.9845788849347614,7.14285714285714,-0.30027381140042,4486.415455772826,1,0,1,1,0,0,1,0,1.0
0,2024-04-23,66415.0,-0.0062,-27.496542185338868,-0.0018,2.295798844291741,0.012,-0.0738,-21.987315010570818,-6.912663232299032,-15.555555555555555,2.5813442483452187,-2.068421374572049,1,0,1,1,0,1,1,0,1.0
1,2024-04-24,64285.7,-0.0321,48.473864937046926,-0.0016,-31.965648854961838,0.0002,0.0178,-124.1192411924119,329.3822393822394,2.6315789473684292,-6.022666181547387,-19.06846143743811,0,0,0,1,0,0,0,0,1.0
0,2024-04-25,64497.1,0.0033,3.7774637029423186,0.0018,22.406732117812055,-0.0046,-0.037599999999999995,-311.23595505617976,-36.891166861493275,-7.692307692307687,-3.085893964550812,46.09544639773506,1,0,1,0,0,1,0,0,1.0
0,2024-04-26,63766.4,-0.0113,-23.73405967562213,0.002,-25.239470186534675,0.0102,-0.022099999999999998,-41.22340425531914,-63.1441462835431,-8.333333333333337,0.6200736156084075,88.61766347824485,0,0,0,0,0,0,0,0,1.0
0,2024-04-27,63456.8,-0.0049,-26.396103896103895,0.002,0.0,0.0102,-0.022099999999999998,0.0,-23.724226804123717,-9.090909090909093,3.744754533630501,-44.64590424359584,0,0,0,0,0,1,0,0,1.0
1,2024-04-28,63109.7,-0.0055000000000000005,-19.166299073665638,0.002,0.0,0.0102,-0.022099999999999998,0.0,1.8753167764825163,-3.3333333333333326,-1.0877862059928023,-359.87533180807526,0,0,0,0,0,0,0,0,1.0
0,2024-04-29,63860.1,0.011899999999999999,83.51978171896317,0.0045000000000000005,10.335948994605193,0.0032,-0.024,8.597285067873317,2.2222222222222143,13.793103448275868,0.7067367328632113,-218.37944816505112,0,0,0,0,0,1,1,0,1.0
0,2024-04-30,60666.6,-0.05,79.9583705025275,-0.0232,23.27480831203468,-0.015700000000000002,0.0668,-378.3333333333333,15.201168072680083,18.181818181818187,-0.27821653748012487,-43.55547836444451,0,0,0,0,0,0,0,1,1.0
1,2024-05-01,58331.2,-0.0385,41.73000660938533,0.0034999999999999996,-2.974714923153199,-0.0034000000000000002,-0.0166,-124.8502994011976,-9.928179129700043,23.076923076923084,-4.412311327985585,-102.01643452772997,0,0,0,0,0,0,0,1,1.0
1,2024-05-02,59121.3,0.013500000000000002,-42.83882250072865,-0.0006,-15.538625911645843,0.0091,-0.0461,177.71084337349396,-8.92745465916197,-18.75,-3.934481231416598,-3761.974078671883,0,0,1,0,0,0,0,1,1.0
1,2024-05-03,62877.5,0.0635,2.447481133999596,-0.0004,24.40325596744033,0.0126,-0.08109999999999999,75.92190889370931,-9.304721030042916,-5.128205128205132,2.4019237722803677,57.698496784449226,1,0,1,1,0,0,1,0,1.0
1,2024-05-04,63888.3,0.0161,-47.21282102329285,-0.0004,0.0,0.0126,-0.08109999999999999,0.0,4.429301533219765,-10.81081081081081,6.019569785685519,-52.22615496531142,1,0,1,1,0,0,1,0,1.0
0,2024-05-05,64006.4,0.0018,-23.609277767301528,-0.0004,0.0,0.0126,-0.08109999999999999,0.0,11.346746420155874,-9.090909090909093,1.820510476973669,-394.8394031765339,1,0,1,1,0,0,1,0,1.0
0,2024-05-06,63163.1,-0.0132,91.75512219205135,0.0143,-99.96905256642646,0.0103,0.0,-100.0,3.206902165065939,10.000000000000009,-0.11290900778367918,-197.36532850205836,1,0,0,1,0,0,1,0,1.0
0,2024-05-07,62317.7,-0.0134,-23.09474768280123,-0.0029,57.14285714285714,0.0013,-0.019299999999999998,-inf,-9.968454258675074,-6.060606060606055,-0.3535206545924652,-76.55498348883796,1,0,0,0,0,0,1,0,1.0
1,2024-05-08,61207.5,-0.0178,-5.47371945095414,-0.0009,18.181818181818187,0.0,-0.0174,-9.844559585492219,-2.487736510161176,0.0,-0.832661173331084,-371.20804650517033,0,0,0,0,0,0,0,0,1.0
0,2024-05-09,63075.0,0.0305,13.724101292721791,0.0078000000000000005,-61.53846153846154,0.0051,-0.023799999999999998,36.7816091954023,-5.300035932447001,-6.451612903225811,-2.3515599482875293,-216.3707989332804,1,0,1,0,0,0,1,0,1.0
1,2024-05-10,60796.9,-0.0361,23.528495795702263,0.0148,380.0,0.0016,-0.011000000000000001,-53.781512605042,-13.94422310756972,3.4482758620689724,2.222141362360208,-96.18595661959488,0,0,0,0,0,1,0,0,1.0
1,2024-05-11,60826.6,0.0005,-65.33467792764402,0.0148,0.0,0.0016,-0.011000000000000001,0.0,-14.28571428571429,-9.999999999999998,-3.1599678095999506,2038.025992589493,0,0,0,0,0,1,0,0,1.0
1,2024-05-12,61480.0,0.010700000000000001,-0.363636363636366,0.0148,0.0,0.0016,-0.011000000000000001,0.0,18.467078189300402,-3.703703703703709,0.10666206744547324,126.32637536209117,0,0,0,0,0,1,1,0,1.0
0,2024-05-13,62937.2,0.023700000000000002,157.48175182481754,-0.013300000000000001,-37.5,-0.0002,0.0837,-860.909090909091,6.1224489795918435,15.384615384615374,-5.6773690725533505,17.779126535175905,1,0,1,1,0,1,1,0,1.0
1,2024-05-14,61569.4,-0.0217,-2.4238128986534324,0.0070999999999999995,6.666666666666665,0.0048,-0.0132,-115.7706093189964,2.1072013093289765,-3.3333333333333326,1.2195026243273732,-77.39782249856484,0,0,0,0,0,0,1,0,1.0
0,2024-05-15,66225.1,0.0756,54.05287623474724,0.0148,118.75,0.011699999999999999,-0.0723,447.72727272727275,5.249449008214779,10.344827586206895,-4.274177556342062,88.1172127420405,1,1,1,1,0,1,1,-1,0.0
1,2024-05-16,65231.0,-0.015,-31.588873173031583,-0.0039000000000000003,2.857142857142847,-0.0021,-0.0024,-96.6804979253112,-3.6931277365315096,6.25,6.2643880783052275,6.345093845653982,1,1,0,1,0,1,1,-1,0.0
0,2024-05-17,67036.8,0.0277,-13.039283252929012,0.0134,-25.0,0.0012,-0.0346,1341.6666666666667,2.6882783158727053,-11.764705882352944,-1.9449409137990092,52.99032871232894,1,1,1,1,0,1,1,-1,0.0
0,2024-05-18,66917.5,-0.0018,-52.95609446822,0.0134,0.0,0.0012,-0.0346,0.0,-10.56785370548604,-9.999999999999998,2.984676196466163,-151.77164857908124,1,1,0,0,0,1,1,-1,0.0
1,2024-05-19,66279.1,-0.0095,21.933962264150942,0.0134,0.0,0.0012,-0.0346,0.0,-1.4851485148514865,0.0,0.8811433324191098,-235.5170645733162,1,1,0,1,0,1,1,-1,0.0
0,2024-05-20,71422.7,0.0776,211.30146449295384,0.0086,159.25925925925927,0.0009,0.013300000000000001,-138.43930635838151,14.966135022940797,25.92592592592593,-0.8921040895854104,-148.95819053856317,1,1,1,1,0,1,1,-1,0.0
0,2024-05-21,70139.9,-0.018000000000000002,-3.6392685957749027,-0.0051,-22.857142857142854,0.0025,-0.0239,-279.69924812030075,21.7027746104143,20.58823529411764,4.630748302539334,-384.16372965652977,1,1,0,0,0,1,1,-1,0.0
0,2024-05-22,69155.4,-0.013999999999999999,-40.05158437730287,-0.013600000000000001,31.481481481481488,-0.0027,0.0363,-251.8828451882845,-11.508432229856336,-14.634146341463417,-0.15423508423508814,57.91792247298089,1,1,0,0,0,1,1,-1,0.0
1,2024-05-23,67975.7,-0.0171,37.4462200368777,-0.0231,60.56338028169015,-0.0074,0.0391,7.713498622589543,-7.99364743250397,-5.714285714285716,-0.8601942437721055,-27.800156985427225,1,1,0,0,0,1,0,0,0.0
1,2024-05-24,68547.6,0.0084,-29.256567915036335,-0.0012,-39.473684210526315,0.006999999999999999,-0.0658,-268.28644501278774,-0.8438818565400852,-3.0303030303030276,-2.5807478579317533,-68.6268557011607,1,1,1,0,0,1,1,0,0.0
0,2024-05-25,69284.4,0.010700000000000001,-60.224399494311,-0.0012,0.0,0.006999999999999999,-0.0658,0.0,-10.96711798839458,-15.625,1.8876876789389208,301.9437258082295,1,1,0,0,0,1,1,0,0.0
1,2024-05-26,68514.8,-0.0111,-2.344060389352398,-0.0012,0.0,0.006999999999999999,-0.0658,0.0,6.799913100152066,-3.703703703703709,0.5194995810917424,-25.516140260577735,0,1,0,0,0,1,0,0,0.0
0,2024-05-27,69428.7,0.013300000000000001,99.63384865744507,0.004699999999999999,44669.565217391304,0.006999999999999999,0.036000000000000004,-154.7112462006079,3.8445890968266783,15.384615384615374,-0.4782756238931207,-83.97422771868175,1,1,1,0,0,1,1,0,0.0
0,2024-05-28,68366.0,-0.015300000000000001,45.486040350519666,0.0046,-99.5176588650416,0.0002,0.0453,25.833333333333307,4.622918707149859,3.3333333333333437,1.4057573165534354,185.00177620376434,0,1,0,0,0,1,0,0,0.0
1,2024-05-29,67635.8,-0.010700000000000001,-26.978568426950556,-0.006500000000000001,89.93288590604027,-0.0074,0.10529999999999999,132.45033112582777,4.755663733383253,-9.677419354838712,-2.0651757328083997,-80.84665397329121,0,1,0,0,0,1,0,0,0.0
0,2024-05-30,68354.7,0.0106,28.21791674659504,0.0062,6574.558303886925,-0.006,0.013300000000000001,-87.36942070275403,-5.808757819481681,0.0,-1.3231630458730437,193.91381432843303,0,1,1,0,0,0,0,0,0.0
1,2024-05-31,67530.1,-0.0121,-7.974266906044281,-0.0087,-2.9011594049446754,0.008,-0.10710000000000001,-905.2631578947368,-6.850094876660339,-7.14285714285714,0.813615291248726,285.0972366023693,0,1,0,0,0,0,0,0,0.0
1,2024-06-01,67760.8,0.0034000000000000002,-69.09445618598602,-0.0087,0.0,0.008,-0.10710000000000001,0.0,-12.629863515991035,-11.538461538461542,-1.2094481542346491,-71.70478222531158,0,1,1,1,0,0,0,0,0.0
1,2024-06-02,67773.5,0.0002,61.12572330352446,-0.0087,0.0,0.008,-0.10710000000000001,0.0,7.484262065749592,4.347826086956519,0.30350944908821287,99.5434086407633,0,1,0,0,0,0,0,0,0.0
1,2024-06-03,68807.8,0.015300000000000001,126.64054848188049,0.01,-5.594024317103752,0.0011,0.0147,-113.72549019607843,7.331887201735365,20.833333333333325,0.11471423509821221,53.65421708867763,1,1,1,1,0,1,1,0,0.0
1,2024-06-04,70549.2,0.0253,9.031979256698364,-0.0092,-0.9240542881894354,0.0015,0.0038,-74.14965986394557,-4.749393694421988,0.0,1.792090925088008,-76.51980683115008,1,1,1,1,0,1,1,-1,0.0
0,2024-06-05,71083.7,0.0076,-11.401770379178222,0.012,0.1807053337219422,0.0118,-0.0403,-1160.5263157894738,4.158709951198802,17.24137931034482,2.525942556610583,64.1428985331282,1,1,0,1,0,1,1,-1,0.0
0,2024-06-06,70791.5,-0.0040999999999999995,-25.75305696391291,0.006500000000000001,0.1978354474572397,-0.0002,-0.004,-90.07444168734492,-7.150132409859444,-5.882352941176472,-0.28066799329770076,-405.498126264491,1,1,0,1,0,1,1,-1,0.0
0,2024-06-07,69347.9,-0.0204,65.93693512753565,-0.0276,82.66550522648085,-0.0011,-0.0286,615.0,-3.6419482229047784,0.0,-0.5241954796434745,-82.23502745968574,1,1,0,0,0,1,0,0,0.0
1,2024-06-08,69310.1,-0.0005,-72.12539336722344,-0.0276,0.0,-0.0011,-0.0286,0.0,-7.012750455373407,-15.625,-2.2709695646118577,-25.382085058981087,1,1,0,0,0,1,0,0,0.0
0,2024-06-09,69650.6,0.0049,-8.858011289622237,-0.0276,0.0,-0.0011,-0.0286,0.0,-0.04897159647404559,-7.4074074074074066,-0.07289066382789589,-325.93332865460263,1,1,1,0,0,1,0,0,0.0
0,2024-06-10,69538.2,-0.0016,86.37446403049071,0.0009,-54.57319980925131,0.0026,0.0426,-248.9510489510489,5.73248407643312,8.000000000000007,0.5124693381476586,219.39069254481836,1,1,0,0,0,1,0,0,0.0
1,2024-06-11,67319.8,-0.0319,147.1881390593047,-0.0002,1.8265798866260674,0.0027,0.0086,-79.81220657276995,4.286376274328085,18.518518518518512,-0.1912846132270385,-52.149781324795605,0,0,0,0,0,0,0,0,0.0
0,2024-06-12,68260.1,0.013999999999999999,-11.530506721820066,0.0121,66.09621993127148,0.0085,-0.063,-832.5581395348838,5.309931126416356,-6.25,-3.319375856667739,80.85108782640242,0,0,1,0,0,1,0,0,0.0
0,2024-06-13,66773.1,-0.0218,-22.431326709526587,-0.015600000000000001,-24.417594240079442,0.0023,-0.0083,-86.82539682539682,-1.9198312236286874,-3.3333333333333326,1.2626665907172319,-4.648906759603877,0,0,0,0,0,0,0,1,0.0
1,2024-06-14,66034.8,-0.0111,-1.7781796262808847,0.0134,-10.560604401620498,-0.0004,0.0603,-826.5060240963855,-2.3876102387610287,3.4482758620689724,-2.2644555429032986,-23.924992582222416,0,0,1,0,0,0,0,1,0.0
1,2024-06-15,66223.0,0.0029,-63.102178582387246,0.0134,0.0,-0.0004,0.0603,0.0,292.68400176289117,-23.33333333333333,-1.3339706689367126,24.1576089884717,0,0,1,0,0,0,0,1,0.0
0,2024-06-16,66674.7,0.0068000000000000005,-13.762993762993759,0.0134,0.0,-0.0004,0.0603,0.0,-37.547699214365885,0.0,0.16667447201614838,-123.72157705156891,0,0,1,1,0,0,0,1,0.0
0,2024-06-17,66498.8,-0.0026,218.65959498553516,-0.0137,-99.72455163126645,0.0077,0.0070999999999999995,-88.22553897180762,-50.804205229580376,21.739130434782616,0.6690529984819671,-375.0052362841609,0,0,1,1,0,0,0,1,0.0
0,2024-06-18,65159.9,-0.020099999999999996,41.806627326373125,0.0077,-13.33333333333333,0.0025,-0.0353,-597.1830985915493,-13.552511415525114,0.0,-0.2088245465181826,78.30398975845867,0,0,0,1,1,0,0,1,0.0
0,2024-06-19,64980.9,-0.0027,-54.16133162612036,0.0034999999999999996,0.0,0.0025,0.0146,-141.3597733711048,-2.1973378406930033,-3.57142857142857,-2.135895051956138,-101.01092893046241,0,0,0,0,1,0,0,1,0.0
0,2024-06-20,64854.3,-0.0019,30.91247672253259,0.006,112.82051282051282,-0.0025,0.0641,339.041095890411,0.928926333981428,0.0,0.04416828098436909,-15920.872687505389,0,0,0,0,1,0,0,1,0.0
1,2024-06-21,64128.5,-0.011200000000000002,8.214793741109538,-0.0161,-27.710843373493976,-0.0016,-0.006,-109.36037441497659,-1.605308219178081,0.0,-0.05075381160928316,-34.337688559678,0,0,0,0,1,0,0,1,0.0
0,2024-06-22,64261.0,0.0021,-71.16332566546171,-0.0161,0.0,-0.0016,-0.006,0.0,-8.070480748314113,-14.814814814814813,-1.4456863612885895,34.77515511385354,0,0,1,1,1,0,0,1,0.0
0,2024-06-23,63196.2,-0.0166,13.61823361823362,-0.0161,0.0,-0.0016,-0.006,0.0,-0.2602934216753394,-4.347826086956519,0.383677569729568,-24.951884563424187,0,0,0,0,1,0,0,1,0.0
1,2024-06-24,60292.7,-0.045899999999999996,504.81444332998996,0.005699999999999999,0.0,-0.0031,0.0098,-263.3333333333333,21.470937129300125,59.09090909090908,-0.966045356305667,-117.67350732985582,0,0,1,1,1,0,0,1,1.0
0,2024-06-25,61809.4,0.0252,-35.92039800995025,-0.006,110.00000000000001,0.0039000000000000003,-0.0368,-475.5102040816327,-10.976562499999998,-8.571428571428575,-5.39452793291002,-718.0082725541894,0,0,1,1,1,0,0,1,1.0
1,2024-06-26,60849.4,-0.0155,-28.894927536231883,-0.0075,-21.42857142857143,0.0016,-0.0226,-38.58695652173913,-5.726195699868364,-15.625,3.360080460759618,-44.93453382672653,0,0,0,1,1,0,0,1,1.0
0,2024-06-27,61685.3,0.0137,-11.210191082802545,0.0155,14064.646464646463,0.0009,-0.024700000000000003,9.292035398230114,0.6981615080288606,-7.4074074074074066,-1.8962060001800451,52.355181295447785,0,0,1,1,1,0,0,1,1.0
1,2024-06-28,60403.3,-0.0208,20.82393933183029,0.0013,0.0,-0.0040999999999999995,0.0163,-165.9919028340081,-14.790848162699334,4.0000000000000036,0.9541237327214125,-28.04141118870952,0,0,0,0,1,0,0,1,1.0
0,2024-06-29,60973.4,0.009399999999999999,-54.94486853265479,,0.0,,,0.0,-3.7428803905614316,-15.384615384615385,-2.0516578859765877,-199.39347371274243,0,0,1,1,1,0,0,1,1.0
