,date_posted,weighted_sentiment
3,2024-02-03,-0.618638989946929
4,2024-02-04,0.3722072947204107
5,2024-02-05,0.11627866767137456
6,2024-02-06,-0.2822354118449105
7,2024-02-07,0.05811349276460454
8,2024-02-08,0.19942197575038959
9,2024-02-09,0.0667700252101669
10,2024-02-10,0.37813739193311063
11,2024-02-11,-0.24398975369554476
12,2024-02-12,0.4021001545473033
13,2024-02-13,0.2753224210948645
14,2024-02-14,0.20986121241624514
15,2024-02-15,0.43567355489647774
16,2024-02-16,0.0456297615712443
17,2024-02-17,0.5166992766111517
18,2024-02-18,0.27440558807858695
19,2024-02-19,0.14517077667924574
20,2024-02-20,0.09991028129021588
21,2024-02-21,0.579597769780396
22,2024-02-22,-0.30808093570708994
23,2024-02-23,0.13076216545001465
24,2024-02-24,0.09234386567400489
25,2024-02-25,0.46440458923326705
26,2024-02-26,0.07635340089077383
27,2024-02-27,0.3332239063320879
28,2024-02-28,0.5150968464891953
29,2024-02-29,0.014826984637150134
30,2024-03-01,0.06274809307586736
31,2024-03-02,-0.0527507668114211
32,2024-03-03,-0.5352946871792191
33,2024-03-04,0.2949746248933779
34,2024-03-05,0.19371889911403364
35,2024-03-06,0.50648609870124
36,2024-03-07,0.4461660737782639
37,2024-03-08,0.05956173051605608
38,2024-03-09,0.22841360452070644
39,2024-03-10,0.4433065300431064
40,2024-03-11,0.4210649425287356
41,2024-03-13,-0.009362242619745867
42,2024-03-14,0.005459318436922699
43,2024-03-15,-0.006313944117841336
44,2024-03-16,0.3358395938663043
45,2024-03-17,0.1320869131096615
46,2024-03-18,0.17818505998705586
47,2024-03-19,0.12430380858382448
48,2024-03-20,0.12487278123222467
49,2024-03-21,0.06167262772496938
50,2024-03-22,0.06012642123194317
51,2024-03-23,0.18957840694350986
52,2024-03-24,0.3674111518941438
53,2024-03-25,0.33155846241280934
54,2024-03-26,0.07769247418426564
55,2024-03-27,0.36476837744582785
56,2024-03-28,-0.07214902129482094
57,2024-03-29,0.08576811680635431
58,2024-03-30,0.24169471788293415
59,2024-03-31,-0.028228401565950426
60,2024-04-01,0.896214299397696
61,2024-04-02,0.05099385512883162
62,2024-04-03,-0.018513932160259917
63,2024-04-04,-0.014825708100391336
64,2024-04-05,0.39469643461911597
65,2024-04-06,0.4424221600989937
66,2024-04-07,0.27509936677559316
67,2024-04-08,0.3689581799750467
68,2024-04-09,0.8386109184245326
69,2024-04-10,-0.09408974739077586
70,2024-04-11,0.4736089678014748
71,2024-04-12,0.27531622758400215
72,2024-04-13,0.04007340276551376
73,2024-04-14,-0.7362361973975895
74,2024-04-15,-0.23849495934899267
75,2024-04-16,0.4348021818374246
76,2024-04-17,-0.17431221480710707
77,2024-04-18,0.20783672058811925
78,2024-04-19,0.3516066430645984
79,2024-04-20,0.050193361363346276
80,2024-04-21,0.002197357466983002
81,2024-04-22,0.10077994248428665
82,2024-04-23,0.09869538861266029
83,2024-04-24,0.07987569649452549
84,2024-04-25,0.11669475535697696
85,2024-04-26,0.22010692095598386
86,2024-04-27,0.12183819579244819
87,2024-04-28,-0.31662741558459695
88,2024-04-29,0.37482178730830895
89,2024-04-30,0.2115663648320142
90,2024-05-01,-0.004266097229535916
91,2024-05-02,0.15622337471654402
92,2024-05-03,0.24636191355392725
93,2024-05-04,0.11769655880574667
94,2024-05-05,-0.34701583154218163
95,2024-05-06,0.3378731043351946
96,2024-05-07,0.07921440509816219
97,2024-05-08,-0.2148358406174175
98,2024-05-09,0.2500061841215177
99,2024-05-10,0.009535344316090285
100,2024-05-11,0.20386813996091338
101,2024-05-12,0.46140737169165
102,2024-05-13,0.5434415721473379
103,2024-05-14,0.12282962875333119
104,2024-05-15,0.2310636740321624
105,2024-05-16,0.2457248809927191
106,2024-05-17,0.3759353031587401
107,2024-05-18,-0.1946279040360466
108,2024-05-19,0.26375402239022117
109,2024-05-20,-0.12912919683492907
110,2024-05-21,0.3669383418016558
111,2024-05-22,0.5794614061299804
112,2024-05-23,0.4183702255558818
113,2024-05-24,0.1312558945670263
114,2024-05-25,0.527574832965627
115,2024-05-26,0.3929580986066089
116,2024-05-27,0.06297457004369328
117,2024-05-28,0.17947864318120932
118,2024-05-29,0.03437616557253902
119,2024-05-30,0.101036299454107
120,2024-05-31,0.3890879971630608
121,2024-06-01,0.11009329613246166
122,2024-06-02,0.21968391578768354
123,2024-06-03,0.33755360087331504
124,2024-06-04,0.07925823753346307
125,2024-06-05,0.1300967684136979
126,2024-06-06,-0.3974431898345012
127,2024-06-07,-0.07060567353744825
128,2024-06-08,-0.052684481423706665
129,2024-06-09,0.1190318025649961
130,2024-06-10,0.3739009926529152
131,2024-06-11,-0.055699899591672805
