"Date","Price","Open","High","Low","Vol.","Change %"
"06/28/2024","5,460.48","5,488.48","5,523.64","5,451.12","","-0.41%"
"06/27/2024","5,482.87","5,473.59","5,490.81","5,467.54","","0.09%"
"06/26/2024","5,477.90","5,460.71","5,483.14","5,451.87","","0.16%"
"06/25/2024","5,469.30","5,460.73","5,472.88","5,446.56","","0.39%"
"06/24/2024","5,447.87","5,459.58","5,490.66","5,447.59","","-0.31%"
"06/21/2024","5,464.62","5,466.77","5,478.31","5,452.03","","-0.16%"
"06/20/2024","5,473.17","5,499.99","5,505.53","5,455.56","","-0.25%"
"06/18/2024","5,487.03","5,476.15","5,490.38","5,471.32","","0.25%"
"06/17/2024","5,473.23","5,431.11","5,488.50","5,420.40","","0.77%"
"06/14/2024","5,431.60","5,424.08","5,432.39","5,403.75","","-0.04%"
"06/13/2024","5,433.74","5,441.93","5,441.93","5,402.51","","0.23%"
"06/12/2024","5,421.03","5,409.13","5,447.25","5,409.13","","0.85%"
"06/11/2024","5,375.32","5,353.00","5,375.95","5,327.25","","0.27%"
"06/10/2024","5,360.79","5,341.22","5,365.79","5,331.52","","0.26%"
"06/07/2024","5,346.99","5,343.81","5,375.08","5,331.33","","-0.11%"
"06/06/2024","5,352.96","5,357.80","5,362.35","5,335.36","","-0.02%"
"06/05/2024","5,354.03","5,314.48","5,354.16","5,297.64","","1.18%"
"06/04/2024","5,291.34","5,278.24","5,298.80","5,257.63","","0.15%"
"06/03/2024","5,283.40","5,297.15","5,302.11","5,234.32","","0.11%"
"05/31/2024","5,277.51","5,243.21","5,280.33","5,191.68","","0.80%"
"05/30/2024","5,235.48","5,259.77","5,260.21","5,222.10","","-0.60%"
"05/29/2024","5,266.95","5,278.73","5,282.27","5,262.70","","-0.74%"
"05/28/2024","5,306.04","5,315.91","5,315.91","5,280.89","","0.02%"
"05/24/2024","5,304.72","5,281.45","5,311.65","5,278.39","","0.70%"
"05/23/2024","5,267.84","5,340.26","5,341.88","5,256.93","","-0.74%"
"05/22/2024","5,307.01","5,319.28","5,323.18","5,286.01","","-0.27%"
"05/21/2024","5,321.41","5,298.69","5,324.32","5,297.87","","0.25%"
"05/20/2024","5,308.13","5,305.35","5,325.32","5,302.40","","0.09%"
"05/17/2024","5,303.27","5,303.10","5,305.45","5,283.59","","0.12%"
"05/16/2024","5,297.10","5,310.07","5,325.49","5,296.19","","-0.21%"
"05/15/2024","5,308.15","5,263.26","5,311.76","5,263.26","","1.17%"
"05/14/2024","5,246.68","5,221.10","5,250.37","5,217.98","","0.48%"
"05/13/2024","5,221.42","5,233.08","5,237.26","5,211.16","","-0.02%"
"05/10/2024","5,222.68","5,225.49","5,239.66","5,209.68","","0.16%"
"05/09/2024","5,214.08","5,189.03","5,215.30","5,180.41","","0.51%"
"05/08/2024","5,187.67","5,168.98","5,191.95","5,165.86","","0.00%"
"05/07/2024","5,187.70","5,187.20","5,200.23","5,178.96","","0.13%"
"05/06/2024","5,180.74","5,142.42","5,181.00","5,142.42","","1.03%"
"05/03/2024","5,127.79","5,122.78","5,139.12","5,101.22","","1.26%"
"05/02/2024","5,064.20","5,049.32","5,073.21","5,011.05","","0.91%"
"05/01/2024","5,018.39","5,029.03","5,096.12","5,013.45","","-0.34%"
"04/30/2024","5,035.69","5,103.78","5,110.83","5,035.31","","-1.57%"
"04/29/2024","5,116.17","5,114.13","5,123.49","5,088.65","","0.32%"
"04/26/2024","5,099.96","5,084.65","5,114.62","5,073.14","","1.02%"
"04/25/2024","5,048.42","5,019.88","5,057.75","4,990.58","","-0.46%"
"04/24/2024","5,071.63","5,084.86","5,089.48","5,047.02","","0.02%"
"04/23/2024","5,070.55","5,028.85","5,076.12","5,027.96","","1.20%"
"04/22/2024","5,010.60","4,987.33","5,038.84","4,969.40","","0.87%"
"04/19/2024","4,967.23","5,005.44","5,019.02","4,953.56","","-0.88%"
"04/18/2024","5,011.12","5,031.52","5,056.66","5,001.89","","-0.22%"
"04/17/2024","5,022.21","5,068.97","5,077.96","5,007.25","","-0.58%"
"04/16/2024","5,051.41","5,064.59","5,079.84","5,039.83","","-0.21%"
"04/15/2024","5,061.82","5,149.67","5,168.43","5,052.47","","-1.20%"
"04/12/2024","5,123.41","5,171.51","5,175.03","5,107.94","","-1.46%"
"04/11/2024","5,199.06","5,172.95","5,211.78","5,138.77","","0.74%"
"04/10/2024","5,160.64","5,167.88","5,178.43","5,138.70","","-0.95%"
"04/09/2024","5,209.91","5,217.03","5,224.81","5,160.78","","0.14%"
"04/08/2024","5,202.39","5,211.37","5,219.57","5,197.35","","-0.04%"
"04/05/2024","5,204.34","5,158.95","5,222.18","5,157.21","","1.11%"
"04/04/2024","5,147.21","5,244.05","5,256.59","5,146.06","","-1.23%"
"04/03/2024","5,211.49","5,194.37","5,228.75","5,194.37","","0.11%"
"04/02/2024","5,205.81","5,204.29","5,208.34","5,184.05","","-0.72%"
"04/01/2024","5,243.77","5,257.97","5,263.95","5,229.20","","-0.20%"
"03/28/2024","5,254.35","5,248.03","5,264.85","5,245.82","","0.11%"
"03/27/2024","5,248.49","5,226.31","5,249.26","5,213.92","","0.86%"
"03/26/2024","5,203.58","5,228.85","5,235.16","5,203.42","","-0.28%"
"03/25/2024","5,218.19","5,219.52","5,229.09","5,216.09","","-0.31%"
"03/22/2024","5,234.18","5,242.48","5,246.09","5,229.87","","-0.14%"
"03/21/2024","5,241.53","5,253.43","5,261.10","5,240.66","","0.32%"
"03/20/2024","5,224.62","5,181.69","5,226.19","5,171.55","","0.89%"
"03/19/2024","5,178.51","5,139.09","5,180.31","5,131.59","","0.56%"
"03/18/2024","5,149.42","5,154.77","5,175.60","5,145.47","","0.63%"
"03/15/2024","5,117.09","5,123.31","5,136.86","5,104.35","","-0.65%"
"03/14/2024","5,150.48","5,175.14","5,176.85","5,123.30","","-0.29%"
"03/13/2024","5,165.31","5,173.49","5,179.14","5,151.88","","-0.19%"
"03/12/2024","5,175.27","5,134.30","5,179.87","5,114.48","","1.12%"
"03/11/2024","5,117.94","5,111.96","5,124.66","5,091.14","","-0.11%"
"03/08/2024","5,123.69","5,164.46","5,189.26","5,117.50","","-0.65%"
"03/07/2024","5,157.36","5,132.38","5,165.62","5,128.21","","1.03%"
"03/06/2024","5,104.76","5,108.03","5,127.97","5,092.22","","0.51%"
"03/05/2024","5,078.65","5,110.52","5,114.54","5,056.82","","-1.02%"
"03/04/2024","5,130.95","5,130.99","5,149.67","5,127.18","","-0.12%"
"03/01/2024","5,137.08","5,098.51","5,140.33","5,094.16","","0.80%"
"02/29/2024","5,096.27","5,085.36","5,104.99","5,061.89","","0.52%"
"02/28/2024","5,069.76","5,067.20","5,077.37","5,058.35","","-0.17%"
"02/27/2024","5,078.18","5,074.60","5,080.69","5,057.29","","0.17%"
"02/26/2024","5,069.53","5,093.00","5,097.66","5,068.91","","-0.38%"
"02/23/2024","5,088.80","5,100.92","5,111.06","5,081.46","","0.03%"
"02/22/2024","5,087.03","5,038.83","5,094.39","5,038.83","","2.11%"
"02/21/2024","4,981.80","4,963.03","4,983.21","4,946.00","","0.13%"
"02/20/2024","4,975.51","4,989.32","4,993.71","4,955.02","","-0.60%"
"02/16/2024","5,005.57","5,031.13","5,038.70","4,999.52","","-0.48%"
"02/15/2024","5,029.73","5,003.14","5,032.72","4,999.44","","0.58%"
"02/14/2024","5,000.62","4,976.44","5,002.52","4,956.45","","0.96%"
"02/13/2024","4,953.17","4,967.94","4,971.30","4,920.31","","-1.37%"
"02/12/2024","5,021.84","5,026.83","5,048.39","5,016.83","","-0.09%"
"02/09/2024","5,026.61","5,004.17","5,030.06","5,000.34","","0.57%"
"02/08/2024","4,997.91","4,995.16","5,000.40","4,987.09","","0.06%"
"02/07/2024","4,995.06","4,973.05","4,999.89","4,969.05","","0.82%"
"02/06/2024","4,954.23","4,950.16","4,957.77","4,934.88","","0.23%"
"02/05/2024","4,942.81","4,957.19","4,957.19","4,918.09","","-0.32%"
"02/02/2024","4,958.61","4,916.06","4,975.29","4,907.99","","1.07%"
"02/01/2024","4,906.19","4,861.11","4,906.97","4,853.52","","1.25%"
"01/31/2024","4,845.65","4,899.19","4,906.75","4,845.15","","-1.61%"
"01/30/2024","4,924.97","4,925.89","4,931.09","4,916.27","","-0.06%"
"01/29/2024","4,927.93","4,892.95","4,929.31","4,887.40","","0.76%"
"01/26/2024","4,890.97","4,888.91","4,906.69","4,881.47","","-0.07%"
"01/25/2024","4,894.16","4,886.66","4,898.15","4,869.34","","0.53%"
"01/24/2024","4,868.55","4,888.56","4,903.68","4,865.94","","0.08%"
"01/23/2024","4,864.60","4,856.80","4,866.48","4,844.37","","0.29%"
"01/22/2024","4,850.43","4,853.42","4,868.41","4,844.05","","0.22%"
"01/19/2024","4,839.81","4,796.28","4,842.07","4,785.87","","1.23%"
"01/18/2024","4,780.94","4,760.10","4,785.79","4,740.57","","0.88%"
"01/17/2024","4,739.21","4,739.13","4,744.23","4,714.82","","-0.56%"
"01/16/2024","4,765.98","4,772.35","4,782.34","4,747.12","","-0.37%"
"01/12/2024","4,783.83","4,791.18","4,802.40","4,768.98","","0.08%"
"01/11/2024","4,780.24","4,792.13","4,798.50","4,739.58","","-0.07%"
"01/10/2024","4,783.45","4,759.94","4,790.80","4,756.20","","0.57%"
"01/09/2024","4,756.50","4,741.93","4,765.47","4,730.35","","-0.15%"
"01/08/2024","4,763.54","4,703.70","4,764.54","4,699.82","","1.41%"
"01/05/2024","4,697.24","4,690.57","4,721.49","4,682.11","","0.18%"
"01/04/2024","4,688.68","4,697.42","4,726.78","4,687.53","","-0.34%"
"01/03/2024","4,704.81","4,725.07","4,729.29","4,699.71","","-0.80%"
"01/02/2024","4,742.83","4,745.20","4,754.33","4,722.67","","-0.57%"
"12/29/2023","4,769.83","4,782.88","4,788.43","4,751.99","","-0.28%"
"12/28/2023","4,783.35","4,786.44","4,793.30","4,780.98","","0.04%"
"12/27/2023","4,781.58","4,773.45","4,785.39","4,768.90","","0.14%"
"12/26/2023","4,774.75","4,758.86","4,784.72","4,758.45","","0.42%"
"12/22/2023","4,754.63","4,753.92","4,772.94","4,736.77","","0.17%"
"12/21/2023","4,746.75","4,724.29","4,748.71","4,708.35","","1.03%"
"12/20/2023","4,698.35","4,764.73","4,778.01","4,697.82","","-1.47%"
"12/19/2023","4,768.37","4,743.72","4,768.69","4,743.72","","0.59%"
"12/18/2023","4,740.56","4,725.58","4,749.52","4,725.58","","0.45%"
"12/15/2023","4,719.19","4,714.23","4,725.53","4,704.69","","-0.01%"
"12/14/2023","4,719.55","4,721.04","4,738.57","4,694.34","","0.26%"
"12/13/2023","4,707.09","4,646.20","4,709.69","4,643.23","","1.37%"
"12/12/2023","4,643.70","4,618.30","4,643.93","4,608.09","","0.46%"
"12/11/2023","4,622.44","4,593.39","4,623.71","4,593.39","","0.39%"
"12/08/2023","4,604.37","4,576.20","4,609.23","4,574.06","","0.41%"
"12/07/2023","4,585.59","4,568.84","4,590.92","4,565.22","","0.80%"
"12/06/2023","4,549.34","4,586.23","4,590.74","4,546.50","","-0.39%"
"12/05/2023","4,567.18","4,557.25","4,578.56","4,551.68","","-0.06%"
"12/04/2023","4,569.78","4,564.37","4,572.37","4,546.72","","-0.54%"
"12/01/2023","4,594.63","4,559.43","4,599.39","4,554.71","","0.59%"
"11/30/2023","4,567.80","4,554.87","4,569.89","4,537.24","","0.38%"
"11/29/2023","4,550.58","4,571.84","4,587.64","4,547.15","","-0.09%"
"11/28/2023","4,554.89","4,545.55","4,568.14","4,540.51","","0.10%"
"11/27/2023","4,550.43","4,554.86","4,560.52","4,546.32","","-0.20%"
"11/24/2023","4,559.34","4,555.84","4,560.31","4,552.80","","0.06%"
"11/22/2023","4,556.62","4,553.04","4,568.43","4,545.05","","0.41%"
"11/21/2023","4,538.19","4,538.77","4,542.14","4,525.51","","-0.20%"
"11/20/2023","4,547.38","4,511.70","4,557.11","4,510.36","","0.74%"
"11/17/2023","4,514.02","4,509.55","4,520.12","4,499.66","","0.13%"
"11/16/2023","4,508.24","4,497.08","4,511.99","4,487.83","","0.12%"
"11/15/2023","4,502.88","4,505.30","4,521.17","4,495.31","","0.16%"
"11/14/2023","4,495.70","4,458.97","4,508.67","4,458.97","","1.91%"
"11/13/2023","4,411.55","4,406.66","4,421.76","4,393.82","","-0.08%"
"11/10/2023","4,415.24","4,364.15","4,418.03","4,353.34","","1.56%"
"11/09/2023","4,347.35","4,391.41","4,393.40","4,343.94","","-0.81%"
"11/08/2023","4,382.78","4,384.37","4,391.20","4,359.76","","0.10%"
"11/07/2023","4,378.38","4,366.21","4,386.26","4,355.41","","0.28%"
"11/06/2023","4,365.98","4,364.27","4,372.21","4,347.53","","0.18%"
"11/03/2023","4,358.34","4,334.23","4,373.62","4,334.23","","0.94%"
"11/02/2023","4,317.78","4,268.26","4,319.72","4,268.26","","1.89%"
"11/01/2023","4,237.86","4,201.27","4,245.64","4,197.74","","1.05%"
"10/31/2023","4,193.80","4,171.33","4,195.55","4,153.12","","0.65%"
"10/30/2023","4,166.82","4,139.39","4,177.47","4,132.94","","1.20%"
"10/27/2023","4,117.37","4,152.93","4,156.70","4,103.78","","-0.48%"
"10/26/2023","4,137.23","4,175.99","4,183.60","4,127.90","","-1.18%"
"10/25/2023","4,186.77","4,232.42","4,232.42","4,181.42","","-1.43%"
"10/24/2023","4,247.68","4,235.79","4,259.38","4,219.43","","0.73%"
"10/23/2023","4,217.04","4,210.40","4,255.84","4,189.22","","-0.17%"
"10/20/2023","4,224.16","4,273.85","4,276.56","4,223.03","","-1.26%"
"10/19/2023","4,278.00","4,321.36","4,339.54","4,269.69","","-0.85%"
"10/18/2023","4,314.60","4,357.35","4,364.20","4,303.84","","-1.34%"
"10/17/2023","4,373.20","4,345.23","4,393.57","4,337.54","","-0.01%"
"10/16/2023","4,373.63","4,342.37","4,383.33","4,342.37","","1.06%"
"10/13/2023","4,327.78","4,360.49","4,377.10","4,311.97","","-0.50%"
"10/12/2023","4,349.61","4,380.94","4,385.85","4,325.43","","-0.62%"
"10/11/2023","4,376.95","4,366.59","4,378.64","4,345.34","","0.43%"
"10/10/2023","4,358.24","4,339.75","4,385.46","4,339.64","","0.52%"
"10/09/2023","4,335.66","4,289.02","4,341.73","4,283.79","","0.63%"
"10/06/2023","4,308.50","4,234.79","4,324.10","4,219.55","","1.18%"
"10/05/2023","4,258.19","4,259.31","4,267.13","4,225.91","","-0.13%"
"10/04/2023","4,263.75","4,233.83","4,268.50","4,220.48","","0.81%"
"10/03/2023","4,229.45","4,269.75","4,281.15","4,216.45","","-1.37%"
"10/02/2023","4,288.39","4,284.52","4,300.58","4,260.21","","0.01%"
"09/29/2023","4,288.05","4,328.18","4,333.15","4,274.86","","-0.27%"
"09/28/2023","4,299.70","4,269.65","4,317.27","4,264.38","","0.59%"
"09/27/2023","4,274.51","4,282.63","4,292.07","4,238.63","","0.02%"
"09/26/2023","4,273.53","4,312.88","4,313.01","4,265.98","","-1.47%"
"09/25/2023","4,337.44","4,310.62","4,338.51","4,302.70","","0.40%"
"09/22/2023","4,320.06","4,341.74","4,357.40","4,316.49","","-0.23%"
"09/21/2023","4,330.00","4,374.36","4,375.70","4,329.17","","-1.64%"
"09/20/2023","4,402.20","4,452.81","4,461.03","4,401.38","","-0.94%"
"09/19/2023","4,443.95","4,445.41","4,449.85","4,416.61","","-0.22%"
"09/18/2023","4,453.53","4,445.13","4,466.36","4,442.11","","0.07%"
"09/15/2023","4,450.32","4,497.98","4,497.98","4,447.21","","-1.22%"
"09/14/2023","4,505.10","4,487.78","4,511.99","4,478.69","","0.84%"
"09/13/2023","4,467.44","4,462.65","4,479.39","4,453.52","","0.12%"
"09/12/2023","4,461.90","4,473.27","4,487.11","4,456.83","","-0.57%"
"09/11/2023","4,487.46","4,480.98","4,490.77","4,467.89","","0.67%"
"09/08/2023","4,457.49","4,451.30","4,473.53","4,448.38","","0.14%"
"09/07/2023","4,451.14","4,434.55","4,457.81","4,430.46","","-0.32%"
"09/06/2023","4,465.48","4,490.35","4,490.35","4,442.38","","-0.70%"
"09/05/2023","4,496.83","4,510.06","4,514.29","4,496.01","","-0.42%"
"09/01/2023","4,515.77","4,530.60","4,541.25","4,501.35","","0.18%"
"08/31/2023","4,507.66","4,517.01","4,532.26","4,507.39","","-0.16%"
"08/30/2023","4,514.87","4,500.34","4,521.65","4,493.59","","0.38%"
"08/29/2023","4,497.63","4,432.75","4,500.14","4,431.68","","1.45%"
"08/28/2023","4,433.31","4,426.03","4,439.56","4,414.98","","0.63%"
"08/25/2023","4,405.71","4,389.38","4,418.46","4,356.29","","0.67%"
"08/24/2023","4,376.31","4,455.16","4,458.30","4,375.55","","-1.35%"
"08/23/2023","4,436.01","4,396.44","4,443.18","4,396.44","","1.10%"
"08/22/2023","4,387.55","4,415.33","4,418.59","4,382.77","","-0.28%"
"08/21/2023","4,399.77","4,380.28","4,407.55","4,360.30","","0.69%"
"08/18/2023","4,369.71","4,344.88","4,381.82","4,335.31","","-0.01%"
"08/17/2023","4,370.36","4,416.32","4,421.17","4,364.83","","-0.77%"
"08/16/2023","4,404.33","4,433.79","4,449.95","4,403.55","","-0.76%"
"08/15/2023","4,437.86","4,478.87","4,478.87","4,432.19","","-1.16%"
"08/14/2023","4,489.72","4,458.13","4,490.33","4,453.44","","0.58%"
"08/11/2023","4,464.05","4,450.69","4,476.23","4,443.98","","-0.11%"
"08/10/2023","4,468.83","4,487.16","4,527.37","4,457.92","","0.03%"
"08/09/2023","4,467.71","4,501.57","4,502.44","4,461.33","","-0.70%"
"08/08/2023","4,499.38","4,498.03","4,503.31","4,464.39","","-0.42%"
"08/07/2023","4,518.44","4,491.58","4,519.84","4,491.15","","0.90%"
"08/04/2023","4,478.03","4,513.96","4,540.34","4,474.55","","-0.53%"
"08/03/2023","4,501.89","4,494.27","4,519.49","4,485.54","","-0.25%"
"08/02/2023","4,513.39","4,550.93","4,550.93","4,505.75","","-1.38%"
"08/01/2023","4,576.73","4,578.83","4,584.62","4,567.53","","-0.27%"
"07/31/2023","4,588.96","4,584.82","4,594.22","4,573.14","","0.15%"
"07/28/2023","4,582.23","4,565.75","4,590.16","4,564.01","","0.99%"
"07/27/2023","4,537.41","4,598.26","4,607.07","4,528.56","","-0.64%"
"07/26/2023","4,566.75","4,558.96","4,582.47","4,547.58","","-0.02%"
"07/25/2023","4,567.46","4,555.19","4,580.62","4,552.42","","0.28%"
"07/24/2023","4,554.64","4,543.39","4,563.41","4,541.29","","0.40%"
"07/21/2023","4,536.34","4,550.16","4,555.00","4,535.79","","0.03%"
"07/20/2023","4,534.87","4,554.38","4,564.74","4,527.56","","-0.68%"
"07/19/2023","4,565.72","4,563.87","4,578.43","4,557.48","","0.24%"
"07/18/2023","4,554.98","4,521.78","4,562.30","4,514.59","","0.71%"
"07/17/2023","4,522.79","4,508.86","4,532.85","4,504.90","","0.39%"
"07/14/2023","4,505.42","4,514.61","4,527.76","4,499.56","","-0.10%"
"07/13/2023","4,510.04","4,491.50","4,517.38","4,489.36","","0.85%"
"07/12/2023","4,472.16","4,467.69","4,488.34","4,463.23","","0.74%"
"07/11/2023","4,439.26","4,415.55","4,443.64","4,408.46","","0.67%"
"07/10/2023","4,409.53","4,394.23","4,412.60","4,389.92","","0.24%"
"07/07/2023","4,398.95","4,404.54","4,440.39","4,397.40","","-0.29%"
"07/06/2023","4,411.59","4,422.62","4,422.62","4,385.05","","-0.79%"
"07/05/2023","4,446.82","4,442.04","4,454.06","4,436.61","","-0.20%"
"07/03/2023","4,455.59","4,450.48","4,456.46","4,442.29","","0.12%"
"06/30/2023","4,450.38","4,422.44","4,458.48","4,422.44","","1.23%"
"06/29/2023","4,396.44","4,374.94","4,398.39","4,371.97","","0.45%"
"06/28/2023","4,376.86","4,367.48","4,390.35","4,360.22","","-0.04%"
"06/27/2023","4,378.41","4,337.36","4,384.42","4,335.00","","1.15%"
"06/26/2023","4,328.82","4,344.84","4,362.06","4,328.08","","-0.45%"
"06/23/2023","4,348.33","4,354.17","4,366.55","4,341.34","","-0.77%"
"06/22/2023","4,381.89","4,355.40","4,382.25","4,351.82","","0.37%"
"06/21/2023","4,365.69","4,380.01","4,386.22","4,360.14","","-0.52%"
"06/20/2023","4,388.71","4,396.11","4,400.15","4,367.19","","-0.47%"
"06/16/2023","4,409.59","4,440.95","4,448.47","4,407.44","","-0.37%"
"06/15/2023","4,425.84","4,365.33","4,439.20","4,362.60","","1.22%"
"06/14/2023","4,372.59","4,366.29","4,391.82","4,337.85","","0.08%"
"06/13/2023","4,369.01","4,352.61","4,375.37","4,349.31","","0.69%"
"06/12/2023","4,338.93","4,308.32","4,340.13","4,304.37","","0.93%"
"06/09/2023","4,298.86","4,304.88","4,322.62","4,291.70","","0.11%"
"06/08/2023","4,293.93","4,268.69","4,298.01","4,261.07","","0.62%"
"06/07/2023","4,267.52","4,285.47","4,299.19","4,263.96","","-0.38%"
"06/06/2023","4,283.85","4,271.34","4,288.33","4,263.09","","0.24%"
"06/05/2023","4,273.79","4,282.99","4,299.28","4,266.82","","-0.20%"
"06/02/2023","4,282.37","4,241.01","4,290.67","4,241.01","","1.45%"
"06/01/2023","4,221.02","4,183.03","4,232.43","4,171.64","","0.99%"
"05/31/2023","4,179.83","4,190.74","4,195.44","4,166.15","","-0.61%"
"05/30/2023","4,205.52","4,226.71","4,231.10","4,192.18","","0.00%"
"05/26/2023","4,205.45","4,156.16","4,212.87","4,156.16","","1.30%"
"05/25/2023","4,151.28","4,155.71","4,165.74","4,129.73","","0.88%"
"05/24/2023","4,115.24","4,132.96","4,132.96","4,103.98","","-0.73%"
"05/23/2023","4,145.58","4,176.80","4,185.68","4,142.54","","-1.12%"
"05/22/2023","4,192.63","4,190.78","4,209.22","4,179.68","","0.02%"
"05/19/2023","4,191.98","4,204.15","4,212.91","4,180.20","","-0.14%"
"05/18/2023","4,198.05","4,157.68","4,202.20","4,153.50","","0.94%"
"05/17/2023","4,158.77","4,122.85","4,164.67","4,113.62","","1.19%"
"05/16/2023","4,109.90","4,127.95","4,135.54","4,109.86","","-0.64%"
"05/15/2023","4,136.28","4,126.65","4,141.25","4,110.27","","0.30%"
"05/12/2023","4,124.08","4,138.54","4,143.74","4,099.12","","-0.16%"
"05/11/2023","4,130.62","4,132.24","4,132.80","4,109.29","","-0.17%"
"05/10/2023","4,137.64","4,143.74","4,154.28","4,098.92","","0.45%"
"05/09/2023","4,119.17","4,124.25","4,130.35","4,116.65","","-0.46%"
"05/08/2023","4,138.12","4,136.98","4,142.30","4,123.81","","0.05%"
"05/05/2023","4,136.25","4,084.73","4,147.02","4,084.73","","1.85%"
"05/04/2023","4,061.22","4,082.55","4,082.61","4,048.28","","-0.72%"
"05/03/2023","4,090.75","4,122.25","4,148.30","4,088.86","","-0.70%"
"05/02/2023","4,119.58","4,164.10","4,164.10","4,089.72","","-1.16%"
"05/01/2023","4,167.87","4,166.79","4,186.92","4,164.12","","-0.04%"
"04/28/2023","4,169.48","4,129.63","4,170.06","4,127.18","","0.83%"
"04/27/2023","4,135.35","4,075.29","4,138.24","4,075.29","","1.96%"
"04/26/2023","4,055.99","4,087.78","4,089.67","4,049.35","","-0.38%"
"04/25/2023","4,071.63","4,126.43","4,126.43","4,071.38","","-1.58%"
"04/24/2023","4,137.04","4,132.07","4,142.41","4,117.77","","0.09%"
"04/21/2023","4,133.52","4,132.14","4,138.02","4,113.86","","0.09%"
"04/20/2023","4,129.79","4,130.48","4,148.57","4,114.57","","-0.60%"
"04/19/2023","4,154.52","4,139.33","4,162.57","4,134.49","","-0.01%"
"04/18/2023","4,154.87","4,164.26","4,169.48","4,140.36","","0.09%"
"04/17/2023","4,151.32","4,137.17","4,151.72","4,123.18","","0.33%"
"04/14/2023","4,137.64","4,140.11","4,163.19","4,113.20","","-0.21%"
"04/13/2023","4,146.22","4,100.04","4,150.26","4,099.40","","1.33%"
"04/12/2023","4,091.95","4,121.72","4,134.37","4,086.94","","-0.41%"
"04/11/2023","4,108.94","4,110.29","4,124.26","4,102.61","","0.00%"
"04/10/2023","4,109.11","4,085.20","4,109.50","4,072.55","","0.10%"
"04/06/2023","4,105.02","4,081.15","4,107.32","4,069.84","","0.36%"
"04/05/2023","4,090.38","4,094.50","4,099.69","4,072.56","","-0.25%"
"04/04/2023","4,100.60","4,128.03","4,133.13","4,086.87","","-0.58%"
"04/03/2023","4,124.51","4,102.20","4,127.66","4,098.79","","0.37%"
"03/31/2023","4,109.31","4,056.18","4,110.75","4,056.18","","1.44%"
"03/30/2023","4,050.83","4,046.74","4,057.85","4,032.10","","0.57%"
"03/29/2023","4,027.81","3,999.53","4,030.59","3,999.53","","1.42%"
"03/28/2023","3,971.27","3,974.13","3,979.20","3,951.53","","-0.16%"
"03/27/2023","3,977.53","3,982.93","4,003.83","3,970.49","","0.16%"
"03/24/2023","3,970.99","3,939.21","3,972.74","3,909.16","","0.56%"
"03/23/2023","3,948.72","3,959.21","4,007.66","3,919.05","","0.30%"
"03/22/2023","3,936.97","4,002.04","4,039.49","3,936.17","","-1.65%"
"03/21/2023","4,002.87","3,975.89","4,009.08","3,971.19","","1.30%"
"03/20/2023","3,951.57","3,917.47","3,956.62","3,916.89","","0.89%"
"03/17/2023","3,916.64","3,958.69","3,958.91","3,901.27","","-1.10%"
"03/16/2023","3,960.28","3,878.93","3,964.46","3,864.11","","1.76%"
"03/15/2023","3,891.93","3,876.74","3,894.26","3,838.24","","-0.70%"
"03/14/2023","3,919.29","3,894.01","3,937.29","3,873.63","","1.65%"
"03/13/2023","3,855.76","3,835.12","3,905.05","3,808.86","","-0.15%"
"03/10/2023","3,861.59","3,912.77","3,934.05","3,846.32","","-1.45%"
"03/09/2023","3,918.32","3,998.66","4,017.81","3,908.70","","-1.85%"
"03/08/2023","3,992.01","3,987.55","4,000.41","3,969.76","","0.14%"
"03/07/2023","3,986.37","4,048.26","4,050.00","3,980.31","","-1.53%"
"03/06/2023","4,048.42","4,055.15","4,078.49","4,044.61","","0.07%"
"03/03/2023","4,045.64","3,998.02","4,048.29","3,995.17","","1.61%"
"03/02/2023","3,981.35","3,938.68","3,990.84","3,928.16","","0.76%"
"03/01/2023","3,951.39","3,963.34","3,971.73","3,939.05","","-0.47%"
"02/28/2023","3,970.15","3,977.19","3,997.50","3,968.98","","-0.30%"
"02/27/2023","3,982.24","3,992.36","4,018.05","3,973.55","","0.31%"
"02/24/2023","3,970.04","3,973.24","3,978.25","3,943.08","","-1.05%"
"02/23/2023","4,012.32","4,018.60","4,028.30","3,969.19","","0.53%"
"02/22/2023","3,991.05","4,001.83","4,017.37","3,976.90","","-0.16%"
"02/21/2023","3,997.34","4,052.35","4,052.35","3,995.19","","-2.00%"
"02/17/2023","4,079.09","4,077.39","4,081.51","4,047.95","","-0.28%"
"02/16/2023","4,090.41","4,114.75","4,136.54","4,089.49","","-1.38%"
"02/15/2023","4,147.60","4,119.50","4,148.11","4,103.98","","0.28%"
"02/14/2023","4,136.13","4,126.70","4,159.77","4,095.01","","-0.03%"
"02/13/2023","4,137.29","4,096.62","4,138.90","4,092.67","","1.14%"
"02/10/2023","4,090.46","4,068.92","4,094.36","4,060.79","","0.22%"
"02/09/2023","4,081.50","4,144.25","4,156.23","4,069.67","","-0.88%"
"02/08/2023","4,117.86","4,153.47","4,156.85","4,111.67","","-1.11%"
"02/07/2023","4,164.00","4,105.35","4,176.54","4,088.39","","1.29%"
"02/06/2023","4,111.08","4,119.57","4,124.63","4,093.38","","-0.61%"
"02/03/2023","4,136.48","4,136.69","4,182.36","4,123.36","","-1.04%"
"02/02/2023","4,179.76","4,158.68","4,195.44","4,141.88","","1.47%"
"02/01/2023","4,119.21","4,070.07","4,148.95","4,037.20","","1.05%"
"01/31/2023","4,076.60","4,020.85","4,077.16","4,020.44","","1.46%"
"01/30/2023","4,017.77","4,049.27","4,063.85","4,015.55","","-1.30%"
"01/27/2023","4,070.56","4,053.72","4,094.21","4,048.70","","0.25%"
"01/26/2023","4,060.43","4,036.08","4,061.57","4,013.29","","1.10%"
"01/25/2023","4,016.22","3,982.71","4,019.55","3,949.06","","-0.02%"
"01/24/2023","4,016.95","4,001.74","4,023.92","3,989.79","","-0.07%"
"01/23/2023","4,019.81","3,978.14","4,039.31","3,971.64","","1.19%"
"01/20/2023","3,972.61","3,909.04","3,972.96","3,897.86","","1.89%"
"01/19/2023","3,898.85","3,911.84","3,922.94","3,885.54","","-0.76%"
"01/18/2023","3,928.86","4,002.25","4,014.16","3,926.59","","-1.56%"
"01/17/2023","3,990.97","3,999.28","4,015.39","3,984.57","","-0.20%"
"01/13/2023","3,999.09","3,960.60","4,003.95","3,947.67","","0.40%"
"01/12/2023","3,983.17","3,977.57","3,997.76","3,937.56","","0.34%"
"01/11/2023","3,969.61","3,932.35","3,970.07","3,928.54","","1.28%"
"01/10/2023","3,919.25","3,888.57","3,919.83","3,877.29","","0.70%"
"01/09/2023","3,892.09","3,910.82","3,950.57","3,890.42","","-0.08%"
"01/06/2023","3,895.08","3,823.37","3,906.19","3,809.56","","2.28%"
"01/05/2023","3,808.10","3,839.74","3,839.74","3,802.42","","-1.16%"
"01/04/2023","3,852.97","3,840.36","3,873.16","3,815.77","","0.75%"
"01/03/2023","3,824.14","3,853.29","3,878.46","3,794.33","","-0.40%"
"12/30/2022","3,839.50","3,829.06","3,839.85","3,800.34","","-0.25%"
"12/29/2022","3,849.28","3,805.45","3,858.19","3,805.45","","1.75%"
"12/28/2022","3,783.22","3,829.56","3,848.32","3,780.78","","-1.20%"
"12/27/2022","3,829.25","3,843.34","3,846.65","3,813.22","","-0.40%"
"12/23/2022","3,844.82","3,815.11","3,845.80","3,797.01","","0.59%"
"12/22/2022","3,822.39","3,853.26","3,853.26","3,764.49","","-1.45%"
"12/21/2022","3,878.44","3,839.49","3,889.82","3,839.49","","1.49%"
"12/20/2022","3,821.62","3,810.47","3,838.24","3,795.62","","0.10%"
"12/19/2022","3,817.66","3,853.79","3,854.86","3,800.04","","-0.90%"
"12/16/2022","3,852.36","3,890.91","3,890.91","3,827.91","","-1.11%"
"12/15/2022","3,895.75","3,958.37","3,958.37","3,879.45","","-2.49%"
"12/14/2022","3,995.32","4,015.54","4,053.76","3,965.65","","-0.61%"
"12/13/2022","4,019.65","4,069.38","4,100.96","3,993.03","","0.73%"
"12/12/2022","3,990.56","3,939.29","3,990.71","3,935.30","","1.43%"
"12/09/2022","3,934.38","3,954.17","3,977.02","3,933.04","","-0.73%"
"12/08/2022","3,963.51","3,947.79","3,974.19","3,935.83","","0.75%"
"12/07/2022","3,933.92","3,933.28","3,957.57","3,922.68","","-0.19%"
"12/06/2022","3,941.26","3,996.63","4,001.51","3,918.39","","-1.44%"
"12/05/2022","3,998.84","4,052.02","4,052.45","3,984.49","","-1.79%"
"12/02/2022","4,071.70","4,040.17","4,080.48","4,026.63","","-0.12%"
"12/01/2022","4,076.57","4,087.14","4,100.51","4,050.87","","-0.09%"
"11/30/2022","4,080.11","3,957.18","4,080.11","3,938.58","","3.09%"
"11/29/2022","3,957.63","3,964.19","3,976.77","3,937.65","","-0.16%"
"11/28/2022","3,963.94","4,005.36","4,012.27","3,955.77","","-1.54%"
"11/25/2022","4,026.12","4,023.34","4,034.02","4,020.76","","-0.03%"
"11/23/2022","4,027.26","4,000.30","4,033.78","3,998.66","","0.59%"
"11/22/2022","4,003.58","3,965.51","4,005.88","3,956.88","","1.36%"
"11/21/2022","3,949.94","3,956.23","3,962.00","3,933.34","","-0.39%"
"11/18/2022","3,965.34","3,966.39","3,979.89","3,935.98","","0.48%"
"11/17/2022","3,946.56","3,919.26","3,954.33","3,906.54","","-0.31%"
"11/16/2022","3,958.79","3,976.82","3,983.09","3,954.34","","-0.83%"
"11/15/2022","3,991.73","4,006.41","4,028.84","3,953.17","","0.87%"
"11/14/2022","3,957.25","3,977.97","4,008.97","3,956.40","","-0.89%"
"11/11/2022","3,992.93","3,963.72","4,001.48","3,944.82","","0.92%"
"11/10/2022","3,956.37","3,859.89","3,958.33","3,859.89","","5.54%"
"11/09/2022","3,748.57","3,810.94","3,818.20","3,744.22","","-2.08%"
"11/08/2022","3,828.11","3,817.02","3,859.40","3,786.28","","0.56%"
"11/07/2022","3,806.80","3,780.71","3,813.95","3,764.70","","0.96%"
"11/04/2022","3,770.55","3,766.98","3,796.34","3,708.84","","1.36%"
"11/03/2022","3,719.89","3,733.25","3,750.59","3,698.15","","-1.06%"
"11/02/2022","3,759.69","3,852.90","3,894.44","3,758.68","","-2.50%"
"11/01/2022","3,856.10","3,901.79","3,911.79","3,843.80","","-0.41%"
"10/31/2022","3,871.98","3,881.85","3,893.73","3,863.18","","-0.75%"
"10/28/2022","3,901.06","3,808.26","3,905.42","3,808.26","","2.46%"
"10/27/2022","3,807.30","3,834.69","3,859.95","3,803.79","","-0.61%"
"10/26/2022","3,830.60","3,825.97","3,886.15","3,824.07","","-0.74%"
"10/25/2022","3,859.11","3,799.44","3,862.85","3,799.44","","1.63%"
"10/24/2022","3,797.34","3,762.01","3,810.74","3,741.65","","1.19%"
"10/21/2022","3,752.75","3,657.10","3,757.89","3,647.42","","2.37%"
"10/20/2022","3,665.78","3,689.05","3,736.00","3,656.44","","-0.80%"
"10/19/2022","3,695.16","3,703.11","3,728.58","3,666.51","","-0.67%"
"10/18/2022","3,719.98","3,746.26","3,762.79","3,686.53","","1.14%"
"10/17/2022","3,677.95","3,638.65","3,689.73","3,638.65","","2.65%"
"10/14/2022","3,583.07","3,690.41","3,712.00","3,579.68","","-2.37%"
"10/13/2022","3,669.91","3,520.37","3,685.41","3,491.58","","2.60%"
"10/12/2022","3,577.03","3,590.83","3,608.34","3,573.86","","-0.33%"
"10/11/2022","3,588.84","3,595.86","3,640.66","3,568.45","","-0.65%"
"10/10/2022","3,612.39","3,647.51","3,652.17","3,588.10","","-0.75%"
"10/07/2022","3,639.66","3,706.74","3,706.74","3,620.73","","-2.80%"
"10/06/2022","3,744.52","3,771.97","3,797.93","3,739.22","","-1.02%"
"10/05/2022","3,783.28","3,753.25","3,806.91","3,722.66","","-0.20%"
"10/04/2022","3,790.93","3,726.46","3,791.92","3,726.46","","3.06%"
"10/03/2022","3,678.43","3,609.78","3,698.35","3,604.93","","2.59%"
"09/30/2022","3,585.62","3,633.48","3,671.44","3,584.13","","-1.51%"
"09/29/2022","3,640.47","3,687.01","3,687.01","3,610.40","","-2.11%"
"09/28/2022","3,719.04","3,651.94","3,736.74","3,640.61","","1.97%"
"09/27/2022","3,647.29","3,686.44","3,717.53","3,623.29","","-0.21%"
"09/26/2022","3,655.04","3,682.72","3,715.67","3,644.76","","-1.03%"
"09/23/2022","3,693.23","3,727.14","3,727.14","3,647.47","","-1.72%"
"09/22/2022","3,757.99","3,782.36","3,790.90","3,749.45","","-0.84%"
"09/21/2022","3,789.93","3,871.40","3,907.07","3,789.49","","-1.71%"
"09/20/2022","3,855.93","3,875.23","3,876.01","3,827.54","","-1.13%"
"09/19/2022","3,899.89","3,849.91","3,900.45","3,838.50","","0.69%"
"09/16/2022","3,873.33","3,880.95","3,880.95","3,837.08","","-0.72%"
"09/15/2022","3,901.35","3,932.41","3,959.14","3,888.28","","-1.13%"
"09/14/2022","3,946.01","3,940.73","3,961.94","3,912.18","","0.34%"
"09/13/2022","3,932.69","4,037.12","4,037.12","3,921.28","","-4.32%"
"09/12/2022","4,110.41","4,083.67","4,119.28","4,083.67","","1.06%"
"09/09/2022","4,067.36","4,022.94","4,076.81","4,022.94","","1.53%"
"09/08/2022","4,006.18","3,959.94","4,010.50","3,944.81","","0.66%"
"09/07/2022","3,979.87","3,909.43","3,987.89","3,906.03","","1.83%"
"09/06/2022","3,908.19","3,930.89","3,942.55","3,886.75","","-0.41%"
"09/02/2022","3,924.26","3,994.66","4,018.43","3,906.21","","-1.07%"
"09/01/2022","3,966.85","3,936.73","3,970.23","3,903.65","","0.30%"
"08/31/2022","3,955.00","4,000.67","4,015.37","3,954.53","","-0.78%"
"08/30/2022","3,986.16","4,041.25","4,044.98","3,965.21","","-1.10%"
"08/29/2022","4,030.61","4,034.58","4,062.99","4,017.42","","-0.67%"
"08/26/2022","4,057.66","4,198.74","4,203.04","4,057.66","","-3.37%"
"08/25/2022","4,199.12","4,153.26","4,200.54","4,147.59","","1.41%"
"08/24/2022","4,140.77","4,126.55","4,156.56","4,119.97","","0.29%"
"08/23/2022","4,128.73","4,133.09","4,159.77","4,124.03","","-0.22%"
"08/22/2022","4,137.99","4,195.08","4,195.08","4,129.86","","-2.14%"
"08/19/2022","4,228.48","4,266.31","4,266.31","4,218.70","","-1.29%"
"08/18/2022","4,283.74","4,273.13","4,292.53","4,261.98","","0.23%"
"08/17/2022","4,274.04","4,280.40","4,302.18","4,253.08","","-0.72%"
"08/16/2022","4,305.20","4,290.46","4,325.28","4,277.77","","0.19%"
"08/15/2022","4,297.14","4,269.37","4,301.79","4,256.90","","0.40%"
"08/12/2022","4,280.15","4,225.02","4,280.47","4,219.78","","1.73%"
"08/11/2022","4,207.27","4,227.40","4,257.91","4,201.41","","-0.07%"
"08/10/2022","4,210.24","4,181.02","4,211.03","4,177.26","","2.13%"
"08/09/2022","4,122.47","4,133.11","4,137.30","4,112.09","","-0.42%"
"08/08/2022","4,140.06","4,155.93","4,186.62","4,128.97","","-0.12%"
"08/05/2022","4,145.19","4,115.87","4,151.58","4,107.31","","-0.16%"
"08/04/2022","4,151.94","4,154.85","4,161.29","4,135.42","","-0.08%"
"08/03/2022","4,155.17","4,107.96","4,167.66","4,107.96","","1.56%"
"08/02/2022","4,091.19","4,104.21","4,140.47","4,079.81","","-0.67%"
"08/01/2022","4,118.63","4,112.38","4,144.95","4,096.02","","-0.28%"
"07/29/2022","4,130.29","4,087.33","4,140.15","4,079.22","","1.42%"
"07/28/2022","4,072.43","4,026.13","4,078.95","3,992.97","","1.21%"
"07/27/2022","4,023.61","3,951.43","4,039.56","3,951.43","","2.62%"
"07/26/2022","3,921.05","3,953.22","3,953.22","3,910.74","","-1.15%"
"07/25/2022","3,966.84","3,965.72","3,975.30","3,943.46","","0.13%"
"07/22/2022","3,961.63","3,998.43","4,012.44","3,938.86","","-0.93%"
"07/21/2022","3,998.95","3,955.47","3,999.29","3,927.64","","0.99%"
"07/20/2022","3,959.90","3,935.32","3,974.13","3,922.03","","0.59%"
"07/19/2022","3,936.69","3,860.73","3,939.81","3,860.73","","2.76%"
"07/18/2022","3,830.85","3,883.79","3,902.44","3,818.63","","-0.84%"
"07/15/2022","3,863.16","3,818.00","3,863.62","3,817.18","","1.92%"
"07/14/2022","3,790.38","3,763.99","3,796.41","3,721.56","","-0.30%"
"07/13/2022","3,801.78","3,779.67","3,829.44","3,759.07","","-0.45%"
"07/12/2022","3,818.80","3,851.95","3,873.41","3,802.36","","-0.92%"
"07/11/2022","3,854.43","3,880.94","3,880.94","3,847.22","","-1.15%"
"07/08/2022","3,899.38","3,888.26","3,918.50","3,869.34","","-0.08%"
"07/07/2022","3,902.62","3,858.85","3,910.63","3,858.85","","1.50%"
"07/06/2022","3,845.08","3,831.98","3,870.91","3,809.37","","0.36%"
"07/05/2022","3,831.39","3,792.61","3,832.19","3,742.06","","0.16%"
"07/01/2022","3,825.33","3,781.00","3,829.82","3,752.10","","1.06%"
"06/30/2022","3,785.38","3,785.99","3,818.99","3,738.67","","-0.88%"
"06/29/2022","3,818.83","3,825.09","3,836.50","3,799.02","","-0.07%"
"06/28/2022","3,821.55","3,913.00","3,945.86","3,820.14","","-2.01%"
"06/27/2022","3,900.11","3,920.76","3,927.72","3,889.66","","-0.30%"
"06/24/2022","3,911.74","3,821.75","3,913.65","3,821.75","","3.06%"
"06/23/2022","3,795.73","3,774.71","3,802.58","3,743.52","","0.95%"
"06/22/2022","3,759.89","3,733.89","3,801.79","3,717.69","","-0.13%"
"06/21/2022","3,764.79","3,715.31","3,779.65","3,715.31","","2.45%"
"06/17/2022","3,674.84","3,665.90","3,707.71","3,636.87","","0.22%"
"06/16/2022","3,666.77","3,728.18","3,728.18","3,639.77","","-3.25%"
"06/15/2022","3,789.99","3,764.05","3,837.56","3,722.30","","1.46%"
"06/14/2022","3,735.48","3,763.52","3,778.18","3,705.68","","-0.38%"
"06/13/2022","3,749.63","3,838.15","3,838.15","3,734.30","","-3.88%"
"06/10/2022","3,900.86","3,974.39","3,974.39","3,900.16","","-2.91%"
"06/09/2022","4,017.82","4,101.65","4,119.10","4,017.17","","-2.38%"
"06/08/2022","4,115.77","4,147.12","4,160.14","4,107.20","","-1.08%"
"06/07/2022","4,160.68","4,096.47","4,164.86","4,080.19","","0.95%"
"06/06/2022","4,121.43","4,134.72","4,168.78","4,109.18","","0.31%"
"06/03/2022","4,108.54","4,137.57","4,142.67","4,098.67","","-1.63%"
"06/02/2022","4,176.82","4,095.41","4,177.51","4,074.37","","1.84%"
"06/01/2022","4,101.23","4,149.78","4,166.54","4,073.85","","-0.75%"
"05/31/2022","4,132.15","4,151.09","4,168.34","4,104.88","","-0.63%"
"05/27/2022","4,158.24","4,077.43","4,158.49","4,077.43","","2.47%"
"05/26/2022","4,057.84","3,984.60","4,075.14","3,984.60","","1.99%"
"05/25/2022","3,978.73","3,929.59","3,999.33","3,925.03","","0.95%"
"05/24/2022","3,941.48","3,942.94","3,955.68","3,875.13","","-0.81%"
"05/23/2022","3,973.75","3,919.42","3,981.88","3,909.04","","1.86%"
"05/20/2022","3,901.36","3,927.76","3,943.42","3,810.32","","0.01%"
"05/19/2022","3,900.79","3,899.00","3,945.96","3,876.58","","-0.58%"
"05/18/2022","3,923.68","4,051.98","4,051.98","3,911.91","","-4.04%"
"05/17/2022","4,088.85","4,052.00","4,090.72","4,033.93","","2.02%"
"05/16/2022","4,008.01","4,013.02","4,046.46","3,983.99","","-0.39%"
"05/13/2022","4,023.89","3,963.90","4,038.88","3,963.90","","2.39%"
"05/12/2022","3,930.08","3,903.95","3,964.80","3,858.87","","-0.13%"
"05/11/2022","3,935.18","3,990.08","4,049.09","3,928.82","","-1.65%"
"05/10/2022","4,001.05","4,035.18","4,068.82","3,958.17","","0.25%"
"05/09/2022","3,991.24","4,081.27","4,081.27","3,975.48","","-3.20%"
"05/06/2022","4,123.34","4,128.17","4,157.69","4,067.91","","-0.57%"
"05/05/2022","4,146.87","4,270.43","4,270.43","4,106.01","","-3.56%"
"05/04/2022","4,300.17","4,181.18","4,307.66","4,148.91","","2.99%"
"05/03/2022","4,175.48","4,159.78","4,200.10","4,147.08","","0.48%"
"05/02/2022","4,155.38","4,130.61","4,169.81","4,062.51","","0.57%"
"04/29/2022","4,131.93","4,253.75","4,269.68","4,124.28","","-3.63%"
"04/28/2022","4,287.50","4,222.58","4,308.45","4,188.63","","2.47%"
"04/27/2022","4,183.96","4,186.52","4,240.71","4,162.90","","0.21%"
"04/26/2022","4,175.20","4,278.14","4,278.14","4,175.04","","-2.81%"
"04/25/2022","4,296.12","4,255.34","4,299.02","4,200.82","","0.57%"
"04/22/2022","4,271.78","4,385.83","4,385.83","4,267.62","","-2.77%"
"04/21/2022","4,393.66","4,489.17","4,512.94","4,384.47","","-1.48%"
"04/20/2022","4,459.45","4,472.26","4,488.29","4,448.76","","-0.06%"
"04/19/2022","4,462.21","4,390.63","4,471.03","4,390.63","","1.61%"
"04/18/2022","4,391.69","4,385.63","4,410.31","4,370.30","","-0.02%"
"04/14/2022","4,392.59","4,449.12","4,460.46","4,390.77","","-1.21%"
"04/13/2022","4,446.59","4,394.30","4,453.92","4,392.70","","1.12%"
"04/12/2022","4,397.45","4,437.59","4,471.00","4,381.34","","-0.34%"
"04/11/2022","4,412.53","4,462.64","4,464.35","4,408.38","","-1.69%"
"04/08/2022","4,488.28","4,494.15","4,520.41","4,474.60","","-0.27%"
"04/07/2022","4,500.21","4,474.65","4,521.16","4,450.30","","0.43%"
"04/06/2022","4,481.15","4,494.17","4,503.94","4,450.04","","-0.97%"
"04/05/2022","4,525.12","4,572.45","4,593.45","4,514.17","","-1.26%"
"04/04/2022","4,582.64","4,547.97","4,583.50","4,539.21","","0.81%"
"04/01/2022","4,545.86","4,540.32","4,548.70","4,507.57","","0.34%"
"03/31/2022","4,530.41","4,599.02","4,603.07","4,530.41","","-1.57%"
"03/30/2022","4,602.45","4,624.20","4,627.77","4,581.32","","-0.63%"
"03/29/2022","4,631.60","4,602.86","4,637.30","4,589.66","","1.23%"
"03/28/2022","4,575.52","4,541.09","4,575.65","4,517.69","","0.71%"
"03/25/2022","4,543.06","4,522.91","4,546.03","4,501.07","","0.51%"
"03/24/2022","4,520.16","4,469.98","4,520.58","4,465.17","","1.43%"
"03/23/2022","4,456.24","4,493.10","4,501.07","4,455.81","","-1.23%"
"03/22/2022","4,511.61","4,469.10","4,522.00","4,469.10","","1.13%"
"03/21/2022","4,461.18","4,462.40","4,481.75","4,424.30","","-0.04%"
"03/18/2022","4,463.12","4,407.34","4,465.40","4,390.57","","1.17%"
"03/17/2022","4,411.67","4,345.11","4,412.67","4,335.65","","1.23%"
"03/16/2022","4,357.86","4,288.14","4,358.90","4,251.99","","2.24%"
"03/15/2022","4,262.45","4,188.82","4,271.05","4,187.90","","2.14%"
"03/14/2022","4,173.11","4,202.75","4,247.57","4,161.72","","-0.74%"
"03/11/2022","4,204.31","4,279.50","4,291.01","4,200.49","","-1.30%"
"03/10/2022","4,259.52","4,252.55","4,268.28","4,209.80","","-0.43%"
"03/09/2022","4,277.88","4,223.10","4,299.40","4,223.10","","2.57%"
"03/08/2022","4,170.70","4,202.66","4,276.94","4,157.87","","-0.72%"
"03/07/2022","4,201.09","4,327.01","4,327.01","4,199.85","","-2.95%"
"03/04/2022","4,328.87","4,342.12","4,342.12","4,284.98","","-0.79%"
"03/03/2022","4,363.49","4,401.31","4,416.78","4,345.56","","-0.53%"
"03/02/2022","4,386.54","4,322.56","4,401.48","4,322.56","","1.86%"
"03/01/2022","4,306.26","4,363.14","4,378.45","4,279.54","","-1.55%"
"02/28/2022","4,373.94","4,354.17","4,388.84","4,315.12","","-0.24%"
"02/25/2022","4,384.65","4,298.38","4,385.34","4,286.83","","2.24%"
"02/24/2022","4,288.70","4,155.77","4,294.73","4,114.65","","1.50%"
"02/23/2022","4,225.50","4,324.93","4,341.51","4,221.51","","-1.84%"
"02/22/2022","4,304.76","4,332.74","4,362.12","4,267.11","","-1.01%"
"02/18/2022","4,348.87","4,384.57","4,394.60","4,327.22","","-0.72%"
"02/17/2022","4,380.26","4,456.06","4,456.06","4,373.81","","-2.12%"
"02/16/2022","4,475.01","4,455.75","4,489.55","4,429.68","","0.09%"
"02/15/2022","4,471.07","4,429.28","4,472.77","4,429.28","","1.58%"
"02/14/2022","4,401.67","4,412.61","4,426.22","4,364.84","","-0.38%"
"02/11/2022","4,418.64","4,506.27","4,526.33","4,401.41","","-1.90%"
"02/10/2022","4,504.10","4,553.20","4,588.90","4,484.30","","-1.81%"
"02/09/2022","4,587.20","4,547.00","4,590.00","4,547.00","","1.45%"
"02/08/2022","4,521.50","4,480.00","4,531.30","4,465.40","","0.84%"
"02/07/2022","4,483.90","4,505.80","4,521.90","4,471.50","","-0.37%"
"02/04/2022","4,500.50","4,482.80","4,539.70","4,451.50","","0.52%"
"02/03/2022","4,477.40","4,535.40","4,542.90","4,470.40","","-2.44%"
"02/02/2022","4,589.40","4,566.40","4,595.30","4,544.30","","0.94%"
"02/01/2022","4,546.50","4,519.60","4,550.50","4,483.50","","0.68%"
"01/31/2022","4,515.60","4,431.80","4,516.90","4,414.00","","1.89%"
"01/28/2022","4,431.90","4,336.20","4,432.70","4,292.50","","2.44%"
"01/27/2022","4,326.50","4,380.60","4,428.70","4,309.50","","-0.54%"
"01/26/2022","4,349.90","4,408.40","4,453.20","4,304.80","","-0.15%"
"01/25/2022","4,356.40","4,366.60","4,411.00","4,287.10","","-1.22%"
"01/24/2022","4,410.10","4,356.30","4,417.40","4,222.60","","0.28%"
"01/21/2022","4,397.90","4,471.40","4,494.50","4,395.30","","-1.89%"
"01/20/2022","4,482.70","4,547.40","4,602.10","4,477.90","","-1.11%"
"01/19/2022","4,532.80","4,588.00","4,611.60","4,530.20","","-0.97%"
"01/18/2022","4,577.10","4,632.20","4,632.20","4,568.70","","-1.84%"
"01/14/2022","4,662.90","4,638.00","4,665.10","4,614.80","","0.08%"
"01/13/2022","4,659.00","4,733.60","4,744.10","4,650.30","","-1.43%"
"01/12/2022","4,726.40","4,728.60","4,748.80","4,706.70","","0.28%"
"01/11/2022","4,713.10","4,669.10","4,714.10","4,638.30","","0.92%"
"01/10/2022","4,670.30","4,655.30","4,673.00","4,582.20","","-0.14%"
"01/07/2022","4,677.00","4,697.70","4,707.90","4,662.70","","-0.41%"
"01/06/2022","4,696.10","4,693.40","4,725.00","4,671.30","","-0.10%"
"01/05/2022","4,700.60","4,788.00","4,797.70","4,699.40","","-1.94%"
"01/04/2022","4,793.50","4,804.50","4,818.60","4,774.30","","-0.06%"